-- phpMyAdmin SQL Dump
-- version 5.2.0
-- https://www.phpmyadmin.net/
--
-- Gép: 127.0.0.1
-- Létrehozás ideje: 2023. Jún 08. 17:43
-- Kiszolgáló verziója: 10.4.27-MariaDB
-- PHP verzió: 8.2.0

SET SQL_MODE = "NO_AUTO_VALUE_ON_ZERO";
START TRANSACTION;
SET time_zone = "+00:00";


/*!40101 SET @OLD_CHARACTER_SET_CLIENT=@@CHARACTER_SET_CLIENT */;
/*!40101 SET @OLD_CHARACTER_SET_RESULTS=@@CHARACTER_SET_RESULTS */;
/*!40101 SET @OLD_COLLATION_CONNECTION=@@COLLATION_CONNECTION */;
/*!40101 SET NAMES utf8mb4 */;

--
-- Adatbázis: `pch_shop`
--

-- --------------------------------------------------------

--
-- Tábla szerkezet ehhez a táblához `admins`
--

CREATE TABLE `admins` (
  `admin_id` int(10) NOT NULL,
  `admin_name` varchar(255) NOT NULL,
  `admin_email` varchar(255) NOT NULL,
  `admin_pass` varchar(255) NOT NULL,
  `admin_image` text NOT NULL,
  `admin_country` text NOT NULL,
  `admin_about` text NOT NULL,
  `admin_contact` varchar(255) NOT NULL,
  `admin_job` varchar(255) NOT NULL
) ENGINE=InnoDB DEFAULT CHARSET=utf8mb4 COLLATE=utf8mb4_general_ci;

--
-- A tábla adatainak kiíratása `admins`
--

INSERT INTO `admins` (`admin_id`, `admin_name`, `admin_email`, `admin_pass`, `admin_image`, `admin_country`, `admin_about`, `admin_contact`, `admin_job`) VALUES
(1, 'KNAOY8', 'joosakos1998@gmail.com', 'Exodia5697', 'lumin.jpg', 'Hungary', 'A Pécsi Tudományegyetem végzős mérnökinformatikus hallgatója', '+36206276058', 'OWNER'),
(2, 'Devop', 'devop@freemail.hu', 'Developer123', 'amd-logo.png', 'United State of America', 'Most már talán jó', '222-222-2222', 'Developer');

-- --------------------------------------------------------

--
-- Tábla szerkezet ehhez a táblához `cart`
--

CREATE TABLE `cart` (
  `p_id` int(10) NOT NULL,
  `ip_add` varchar(255) NOT NULL,
  `qty` int(10) NOT NULL
) ENGINE=InnoDB DEFAULT CHARSET=latin1 COLLATE=latin1_swedish_ci;

-- --------------------------------------------------------

--
-- Tábla szerkezet ehhez a táblához `categories`
--

CREATE TABLE `categories` (
  `cat_id` int(10) NOT NULL,
  `cat_title` text NOT NULL,
  `cat_desc` text NOT NULL
) ENGINE=InnoDB DEFAULT CHARSET=utf8mb4 COLLATE=utf8mb4_general_ci;

--
-- A tábla adatainak kiíratása `categories`
--

INSERT INTO `categories` (`cat_id`, `cat_title`, `cat_desc`) VALUES
(1, 'Intel', 'intel'),
(2, 'AMD', 'AMD'),
(3, 'APPROX', 'APPROX \r\n'),
(4, 'ASUS', 'ASUS'),
(5, 'CHIEFTEC', 'CHIEFTEC'),
(6, 'GIGABYTE', 'GIGABYTE'),
(7, 'Thermaltake', 'Thermaltake '),
(8, 'ASRock', 'ASRock '),
(9, 'Sapphire', 'Sapphire '),
(10, 'Kingston', 'Kingston '),
(11, 'G.Skill', 'G.Skill'),
(12, 'CORSAIR', 'CORSAIR '),
(13, 'Seagate', 'Seagate '),
(14, 'Western Digital', 'WD'),
(15, 'SAMSUNG', 'SAMSUNG '),
(16, 'DeepCool', 'DeepCool '),
(17, 'Be quiet!', 'Be quiet!'),
(18, 'Cooler Master', 'Cooler Master'),
(19, 'Jonsbo', 'Jonsbo');

-- --------------------------------------------------------

--
-- Tábla szerkezet ehhez a táblához `customers`
--

CREATE TABLE `customers` (
  `customer_id` int(10) NOT NULL,
  `customer_name` varchar(255) NOT NULL,
  `customer_email` varchar(255) NOT NULL,
  `customer_pass` varchar(255) NOT NULL,
  `customer_country` text NOT NULL,
  `customer_city` text NOT NULL,
  `customer_contact` varchar(255) NOT NULL,
  `customer_address` text NOT NULL,
  `customer_image` text NOT NULL,
  `customer_ip` varchar(100) NOT NULL
) ENGINE=InnoDB DEFAULT CHARSET=utf8mb4 COLLATE=utf8mb4_general_ci;

--
-- A tábla adatainak kiíratása `customers`
--

INSERT INTO `customers` (`customer_id`, `customer_name`, `customer_email`, `customer_pass`, `customer_country`, `customer_city`, `customer_contact`, `customer_address`, `customer_image`, `customer_ip`) VALUES
(1, 'Takina', 'valami@gmail.com', 'valami', 'Life', 'Heaven', '+36908168152', 'Élet utca 58', 'Takina_Neko.jpg', '::1'),
(3, 'Újra', 'ezis@pte.hu', '12345', 'Magyarország', 'Bonyhád', '+36418181387', 'Kisfaludy utca 952', 'FB_IMG_1682350133792.jpg', '::1');

-- --------------------------------------------------------

--
-- Tábla szerkezet ehhez a táblához `customer_orders`
--

CREATE TABLE `customer_orders` (
  `order_id` int(10) NOT NULL,
  `customer_id` int(10) NOT NULL,
  `due_amount` int(100) NOT NULL,
  `invoice_no` text NOT NULL,
  `qty` int(10) NOT NULL,
  `order_date` date NOT NULL,
  `order_status` text NOT NULL
) ENGINE=InnoDB DEFAULT CHARSET=utf8mb4 COLLATE=utf8mb4_general_ci;

--
-- A tábla adatainak kiíratása `customer_orders`
--

INSERT INTO `customer_orders` (`order_id`, `customer_id`, `due_amount`, `invoice_no`, `qty`, `order_date`, `order_status`) VALUES
(1, 1, 83690, '1842651200', 1, '2023-05-31', 'pending'),
(2, 1, 26590, '1842651200', 1, '2023-05-31', 'pending'),
(3, 1, 134290, '1842651200', 1, '2023-05-31', 'pending'),
(4, 1, 192689, '1842651200', 1, '2023-05-31', 'pending'),
(5, 1, 7290, '1842651200', 1, '2023-05-31', 'pending'),
(6, 1, 148190, '1842651200', 1, '2023-05-31', 'pending'),
(7, 1, 13490, '1842651200', 1, '2023-05-31', 'pending');

-- --------------------------------------------------------

--
-- Tábla szerkezet ehhez a táblához `payments`
--

CREATE TABLE `payments` (
  `payment_id` int(10) NOT NULL,
  `invoice_no` int(10) NOT NULL,
  `amount` int(10) NOT NULL,
  `payment_mode` text NOT NULL,
  `ref_no` int(10) NOT NULL,
  `code` int(10) NOT NULL,
  `payment_date` text NOT NULL
) ENGINE=InnoDB DEFAULT CHARSET=utf8mb4 COLLATE=utf8mb4_general_ci;

-- --------------------------------------------------------

--
-- Tábla szerkezet ehhez a táblához `pending_orders`
--

CREATE TABLE `pending_orders` (
  `order_id` int(10) NOT NULL,
  `customer_id` int(10) NOT NULL,
  `invoice_no` int(10) NOT NULL,
  `product_id` text NOT NULL,
  `qty` int(10) NOT NULL,
  `order_status` text NOT NULL
) ENGINE=InnoDB DEFAULT CHARSET=utf8mb4 COLLATE=utf8mb4_general_ci;

--
-- A tábla adatainak kiíratása `pending_orders`
--

INSERT INTO `pending_orders` (`order_id`, `customer_id`, `invoice_no`, `product_id`, `qty`, `order_status`) VALUES
(1, 1, 1842651200, '19', 1, 'pending'),
(2, 1, 1842651200, '26', 1, 'pending'),
(3, 1, 1842651200, '31', 1, 'pending'),
(4, 1, 1842651200, '36', 1, 'pending'),
(5, 1, 1842651200, '40', 1, 'pending'),
(6, 1, 1842651200, '62', 1, 'pending');

-- --------------------------------------------------------

--
-- Tábla szerkezet ehhez a táblához `products`
--

CREATE TABLE `products` (
  `product_id` int(10) NOT NULL,
  `p_cat_id` int(10) NOT NULL,
  `cat_id` int(10) NOT NULL,
  `date` timestamp NOT NULL DEFAULT current_timestamp() ON UPDATE current_timestamp(),
  `product_title` text CHARACTER SET utf8 COLLATE utf8_general_ci NOT NULL,
  `product_img1` text CHARACTER SET utf8 COLLATE utf8_general_ci NOT NULL,
  `product_img2` text CHARACTER SET utf8 COLLATE utf8_general_ci NOT NULL,
  `product_img3` text CHARACTER SET utf8 COLLATE utf8_general_ci NOT NULL,
  `product_price` int(10) NOT NULL,
  `product_keywords` text CHARACTER SET utf8 COLLATE utf8_general_ci NOT NULL,
  `product_desc` text CHARACTER SET utf8 COLLATE utf8_general_ci NOT NULL,
  `product_mini` text CHARACTER SET utf8 COLLATE utf8_general_ci NOT NULL
) ENGINE=InnoDB DEFAULT CHARSET=latin1 COLLATE=latin1_swedish_ci;

--
-- A tábla adatainak kiíratása `products`
--

INSERT INTO `products` (`product_id`, `p_cat_id`, `cat_id`, `date`, `product_title`, `product_img1`, `product_img2`, `product_img3`, `product_price`, `product_keywords`, `product_desc`, `product_mini`) VALUES
(18, 6, 3, '2023-05-21 07:52:19', 'APPROX 550W PFC-i322245', 'APPROX_Tapegyseg_-_550W_12cm_fan_passziv_PFC-i322245.jpg', '232635-767k7.png', '', 11090, 'ATX;550', '<div style=\"margin: 0px; padding: 0px; border: 0px; box-sizing: border-box; color: #1c1d1c; font-family: montserrat; font-size: 13px;\">Technikai param&eacute;terek:</div>\n<div style=\"margin: 0px; padding: 0px; border: 0px; box-sizing: border-box; color: #1c1d1c; font-family: montserrat; font-size: 13px;\">&nbsp;</div>\n<div style=\"margin: 0px; padding: 0px; border: 0px; box-sizing: border-box; color: #1c1d1c; font-family: montserrat; font-size: 13px;\">&nbsp;&nbsp;&nbsp; Power Supply ATX 12V V 2.3<br style=\"margin: 0px; padding: 0px; border: 0px;\" />&nbsp;&nbsp;&nbsp; Power 550 W<br style=\"margin: 0px; padding: 0px; border: 0px;\" />&nbsp;&nbsp;&nbsp; Includes passive PFC and 12 cm fan<br style=\"margin: 0px; padding: 0px; border: 0px;\" />&nbsp;&nbsp;&nbsp; Protection against overvoltage/ undervoltage, short circuit and overload<br style=\"margin: 0px; padding: 0px; border: 0px;\" />&nbsp;&nbsp;&nbsp; Air vents in the form of honeycomb to improve the cooling capacity and reduce the noise level<br style=\"margin: 0px; padding: 0px; border: 0px;\" />&nbsp;&nbsp;&nbsp; Pin: 1 x ATX 20+4, 1 x 4 pin CPU, 3 x SATA POWER, 1 X FDD, 3 x MOLEX, 1 x PCI-Express 6 pin</div>\n<div style=\"margin: 0px; padding: 0px; border: 0px; box-sizing: border-box; color: #1c1d1c; font-family: montserrat; font-size: 13px;\">&nbsp;</div>\n<div style=\"margin: 0px; padding: 0px; border: 0px; box-sizing: border-box; color: #1c1d1c; font-family: montserrat; font-size: 13px;\">&nbsp;</div>\n<div style=\"margin: 0px; padding: 0px; border: 0px; box-sizing: border-box; color: #1c1d1c; font-family: montserrat; font-size: 13px;\">&nbsp;</div>\n<div style=\"margin: 0px; padding: 0px; border: 0px; box-sizing: border-box; color: #1c1d1c; font-family: montserrat; font-size: 13px;\">&nbsp;&nbsp;&nbsp; Material: Metallized surface<br style=\"margin: 0px; padding: 0px; border: 0px;\" />&nbsp;&nbsp;&nbsp; Packaging dimensions: 24 x 17,5 x 10 cm<br style=\"margin: 0px; padding: 0px; border: 0px;\" />&nbsp;&nbsp;&nbsp; Warranty: 2 years</div>\n<div style=\"margin: 0px; padding: 0px; border: 0px; box-sizing: border-box; color: #1c1d1c; font-family: montserrat; font-size: 13px;\">&nbsp;</div>\n<div style=\"margin: 0px; padding: 0px; border: 0px; box-sizing: border-box; color: #1c1d1c; font-family: montserrat; font-size: 13px;\">&nbsp;</div>\n<div style=\"margin: 0px; padding: 0px; border: 0px; box-sizing: border-box; color: #1c1d1c; font-family: montserrat; font-size: 13px;\">&nbsp;</div>\n<div style=\"margin: 0px; padding: 0px; border: 0px; box-sizing: border-box; color: #1c1d1c; font-family: montserrat; font-size: 13px;\">&nbsp;&nbsp;&nbsp; 1 power supply ATX 12V, V2.3<br style=\"margin: 0px; padding: 0px; border: 0px;\" />&nbsp;&nbsp;&nbsp; AC Power Cable<br style=\"margin: 0px; padding: 0px; border: 0px;\" />&nbsp;&nbsp;&nbsp; Quick installation guide</div>', '550W, ATX 12V, PFC passzív'),
(19, 6, 4, '2023-05-21 07:52:49', 'ASUS ROG Strix 1000W 80+ Gold', '736668768.asus-rog-strix-1000w-80-gold-rog-strix-1000g.jpg', 'asus-zdroj-rog-strix-1000g-1000w-80-gold-modular-90ye00a5-b0na00-443282.jpg', '', 83690, 'ATX;1000', '<p>M&eacute;ret: ATX</p>\n<p>Teljes&iacute;tm&eacute;ny: 1000W</p>\n<p>Ventil&aacute;tor m&eacute;rete: 140mm</p>\n<p>SATA csatlakoz&oacute;: 8 db</p>\n<p>Molex csatlakoz&oacute;: 6db</p>\n<p>PCI-e csatlakoz&oacute;: 6 db</p>\n<p>Modul&aacute;ris: igen</p>', '1000W, ATX, 135 mm-es ventilátor 80+ Gold, PFC aktív'),
(20, 6, 5, '2023-05-21 07:52:59', 'CHIEFTEC ECO 700W', 'chieftec-gpe-700s-eco-700w-12cm-atx-box-85-bronz-tapegyseg.jpg', 'CHIEFTEC_Tapegyseg_ECO_700W_12cm_ATX_BOX_85_Bronz-i1230559.jpg', 'Chieftec_ECO_700W_12cm_ATX_BOX_85_Bronz-i231347.jpg', 22890, 'ATX;700', '<p><span style=\"color: #1c1d1c; font-family: proximanova; font-size: 16.25px;\">Teljes&iacute;tm&eacute;ny: 700 Watt</span></p>\r\n<p><span style=\"color: #1c1d1c; font-family: proximanova; font-size: 16.25px;\">PFC t&iacute;pus: Akt&iacute;vVentil&aacute;tor m&eacute;ret: 12 cm</span></p>\r\n<p><span style=\"color: #1c1d1c; font-family: proximanova; font-size: 16.25px;\">Hat&eacute;konys&aacute;g: 85+ Bronze</span></p>\r\n<p><span style=\"color: #1c1d1c; font-family: proximanova; font-size: 16.25px;\">T&iacute;pus: ATX 12V V2.3</span></p>\r\n<p><span style=\"color: #1c1d1c; font-family: proximanova; font-size: 16.25px;\">Alaplapi 24 t?s csatlakoz&oacute;: 1 db</span></p>\r\n<p><span style=\"color: #1c1d1c; font-family: proximanova; font-size: 16.25px;\">CPU 12V csatlakoz&oacute;: 1db</span></p>\r\n<p><span style=\"color: #1c1d1c; font-family: proximanova; font-size: 16.25px;\">4+4-pinSATA csatlakoz&oacute;: 6 db</span></p>\r\n<p><span style=\"color: #1c1d1c; font-family: proximanova; font-size: 16.25px;\">HDD/ODD molex csatlakoz&oacute;: 2 db</span></p>\r\n<p><span style=\"color: #1c1d1c; font-family: proximanova; font-size: 16.25px;\">PCI-e 6+2 t?s csatlakoz&oacute;: 2 db</span></p>\r\n<p><span style=\"color: #1c1d1c; font-family: proximanova; font-size: 16.25px;\">Magass&aacute;g: 87 mm</span></p>\r\n<p><span style=\"color: #1c1d1c; font-family: proximanova; font-size: 16.25px;\">Sz&eacute;less&eacute;g: 150 mm</span></p>\r\n<p><span style=\"color: #1c1d1c; font-family: proximanova; font-size: 16.25px;\">M&eacute;lys&eacute;g: 140 mm&nbsp;</span></p>', '700W, PFC aktív, 120mm-es ventil6tor, ATX 12V, 85+ Bronze'),
(21, 6, 6, '2023-05-21 07:53:14', 'GIGABYTE AORUS 750W 80+ Gold modul?ris GP-AP750GM', 'gigabyte-aorus-p750gm-750w-80-gold-gp-ap750gm-eu-tapegyseg-ab0c_1_big.jpg', 'Gigabyte_GP-AP750GM_Tapegyseg_AORUS_750W_80_Gold_modularis-i860421.png', '569803842.gigabyte-aorus-p750w-gold-gp-ap750gm.jpg', 44190, 'ATX;750', '<p><span style=\"font-family: arial; font-size: 12px;\">V&eacute;delem: OVP/OPP/SCP/UVP/OCP/OTP</span></p>\r\n<p><span style=\"font-family: arial; font-size: 12px;\">Teljes&iacute;tm&eacute;ny 750 Watt PFC</span></p>\r\n<p><span style=\"font-family: arial; font-size: 12px;\">t&iacute;pus Akt&iacute;v Ventil&aacute;tor m&eacute;ret 13.5 cm Hat&eacute;konys&aacute;g 80+ Gold T&iacute;pus ATX 12V V2.31</span></p>\r\n<p><span style=\"font-family: arial; font-size: 12px;\">Modul&aacute;ris igen</span></p>\r\n<p><span style=\"font-family: arial; font-size: 12px;\">Alaplapi 24 t?s csatlakoz&oacute; 1 db</span></p>\r\n<p><span style=\"font-family: arial; font-size: 12px;\">CPU 12V csatlakoz&oacute; 2db</span></p>\r\n<p><span style=\"font-family: arial; font-size: 12px;\">4+4-pin SATA csatlakoz&oacute; 6 db</span></p>\r\n<p><span style=\"font-family: arial; font-size: 12px;\">HDD/ODD molex csatlakoz&oacute; 5 db</span></p>\r\n<p><span style=\"font-family: arial; font-size: 12px;\">Floppy csatlakoz&oacute; 2 db</span></p>\r\n<p><span style=\"font-family: arial; font-size: 12px;\">PCI-e 6+2 t?s csatlakoz&oacute; 4 db</span></p>\r\n<p><span style=\"font-family: arial; font-size: 12px;\">Magass&aacute;g 86 mm</span></p>\r\n<p><span style=\"font-family: arial; font-size: 12px;\">Sz&eacute;less&eacute;g 160 mm</span></p>\r\n<p><span style=\"font-family: arial; font-size: 12px;\">M&eacute;lys&eacute;g 150 mm</span></p>', '750W, PFC aktív, 135mm-es ventilátor, ATX 12V, 80+ Gold'),
(22, 6, 7, '2023-05-21 07:53:26', 'Thermaltake Smart RGB ATX 600W 80+ BOX PS-SPR-0600NHSAWE-1', 'JTC_PSU000255-4-3821.jpg', 'Thermaltake_Smart_RGB_ATX_gamer_tapegyseg_500W_80_BOX-i628416.jpg', 'thermaltake-smart-rgb-600w-tapegyseg-ps-spr-0600nhsawe-1-510797.webp', 23190, 'ATX;600', '<p><span class=\"name\" style=\"margin: 0px; padding: 0px; border: 0px; font-weight: bold; color: #1c1d1c; font-family: montserrat; font-size: 13px;\"><span class=\"name\" style=\"margin: 0px; padding: 0px; border: 0px;\">Hat&aacute;sfok (%)</span><span style=\"font-weight: 300; background-color: #f5f5f5;\">: 86</span></span></p>\r\n<p><span class=\"name\" style=\"margin: 0px; padding: 0px; border: 0px; font-weight: bold; color: #1c1d1c; font-family: montserrat; font-size: 13px;\">Teljes&iacute;tm&eacute;ny (W)</span><span style=\"color: #1c1d1c; font-family: montserrat; font-size: 13px; background-color: #f5f5f5;\">: 500</span></p>\r\n<p><span class=\"name\" style=\"margin: 0px; padding: 0px; border: 0px; font-weight: bold; color: #1c1d1c; font-family: montserrat; font-size: 13px;\">Hat&eacute;konys&aacute;g</span><span style=\"color: #1c1d1c; font-family: montserrat; font-size: 13px;\">: 80+</span></p>\r\n<p><span class=\"name\" style=\"margin: 0px; padding: 0px; border: 0px; font-weight: bold; color: #1c1d1c; font-family: montserrat; font-size: 13px;\">Magass&aacute;g (mm)</span><span style=\"color: #1c1d1c; font-family: montserrat; font-size: 13px; background-color: #f5f5f5;\">: 86</span></p>\r\n<p><span class=\"name\" style=\"margin: 0px; padding: 0px; border: 0px; font-weight: bold; color: #1c1d1c; font-family: montserrat; font-size: 13px;\">M&eacute;lys&eacute;g (mm)</span><span style=\"color: #1c1d1c; font-family: montserrat; font-size: 13px;\">: 140</span></p>', '600W, 80+ hatékonyság, '),
(23, 1, 6, '2023-05-21 07:53:50', 'GIGABYTE X670 Gaming X AX', '1045068627.gigabyte-x670-gaming-x-ax.jpg', 'JTMBO002308.jpg', 'connectivity-s.jpg', 106990, 'ATX;AMD_AM5;DDR5', '<p><span class=\"name\" style=\"margin: 0px; padding: 0px; border: 0px; font-weight: bold; color: #1c1d1c; font-family: montserrat; font-size: 13px;\">Alaplap t&iacute;pus</span><span style=\"color: #1c1d1c; font-family: montserrat; font-size: 13px; background-color: #f5f5f5;\">: ATX</span></p>\r\n<p><span class=\"name\" style=\"margin: 0px; padding: 0px; border: 0px; font-weight: bold; color: #1c1d1c; font-family: montserrat; font-size: 13px;\">Processzor foglalat</span><span style=\"color: #1c1d1c; font-family: montserrat; font-size: 13px;\">: AMD AM5</span></p>\r\n<p><span class=\"name\" style=\"margin: 0px; padding: 0px; border: 0px; font-weight: bold; color: #1c1d1c; font-family: montserrat; font-size: 13px;\">DDR5</span><span style=\"color: #1c1d1c; font-family: montserrat; font-size: 13px;\">: 4</span></p>\r\n<p><span class=\"name\" style=\"margin: 0px; padding: 0px; border: 0px; font-weight: bold; color: #1c1d1c; font-family: montserrat; font-size: 13px;\">Grafikus foglalat</span><span style=\"color: #1c1d1c; font-family: montserrat; font-size: 13px; background-color: #f5f5f5;\">: 3 x PCI-Ex16</span></p>\r\n<p><span class=\"name\" style=\"margin: 0px; padding: 0px; border: 0px; font-weight: bold; color: #1c1d1c; font-family: montserrat; font-size: 13px;\">M.2 csatlakoz&oacute;</span><span style=\"color: #1c1d1c; font-family: montserrat; font-size: 13px;\">: 4</span></p>\r\n<p><span class=\"name\" style=\"margin: 0px; padding: 0px; border: 0px; font-weight: bold; color: #1c1d1c; font-family: montserrat; font-size: 13px;\">Grafikus foglalat</span><span style=\"color: #1c1d1c; font-family: montserrat; font-size: 13px; background-color: #f5f5f5;\">: 3 x PCI-Ex16</span></p>', 'ATX lapméret AMD típusú processzorhoz, mely DDR5-ös ramokat támogat'),
(24, 1, 4, '2023-05-21 07:54:13', 'ASUS ROG Strix B660-F(90MB18R0-M0EAY0)', '915659583.asus-rog-strix-b660-f-gaming-wifi.jpg', 'header-pd.png', 'ROG-Strix-B660-F-Gaming.png', 105890, 'ATX;Intel_B660;DDR5;Intel', '<p><span class=\"name\" style=\"margin: 0px; padding: 0px; border: 0px; font-weight: bold; color: #1c1d1c; font-family: montserrat; font-size: 13px;\">Chipset t&iacute;pus</span><span style=\"color: #1c1d1c; font-family: montserrat; font-size: 13px;\">: Intel B660</span></p>\r\n<p><span class=\"name\" style=\"margin: 0px; padding: 0px; border: 0px; font-weight: bold; color: #1c1d1c; font-family: montserrat; font-size: 13px;\">Form&aacute;tum</span><span style=\"color: #1c1d1c; font-family: montserrat; font-size: 13px; background-color: #f5f5f5;\">: ATX</span></p>\r\n<p><span class=\"name\" style=\"margin: 0px; padding: 0px; border: 0px; font-weight: bold; color: #1c1d1c; font-family: montserrat; font-size: 13px;\">Kompatibilis processzor sorozata</span><span style=\"color: #1c1d1c; font-family: montserrat; font-size: 13px;\">: Intel Celeron,Intel Core i3,Intel Core i5,Intel Core i7,Intel Core i9,Intel Pentium Gold</span></p>\r\n<p><span class=\"name\" style=\"margin: 0px; padding: 0px; border: 0px; font-weight: bold; color: #1c1d1c; font-family: montserrat; font-size: 13px;\">USB 3.2 Gen 1 (3.1 Gen 1) C t&iacute;pus&uacute; portok sz&aacute;ma</span><span style=\"color: #1c1d1c; font-family: montserrat; font-size: 13px; background-color: #f5f5f5;\">:&nbsp;</span></p>\r\n<p><span class=\"name\" style=\"margin: 0px; padding: 0px; border: 0px; font-weight: bold; color: #1c1d1c; font-family: montserrat; font-size: 13px;\">USB 3.2 Gen 2 (3.1 Gen 2) csatlakoz&oacute;k</span><span style=\"color: #1c1d1c; font-family: montserrat; font-size: 13px;\">: 1</span></p>\r\n<p><span class=\"name\" style=\"margin: 0px; padding: 0px; border: 0px; font-weight: bold; color: #1c1d1c; font-family: montserrat; font-size: 13px;\">USB 3.2 Gen 2x2 C bemenetek sz&aacute;ma</span><span style=\"color: #1c1d1c; font-family: montserrat; font-size: 13px; background-color: #f5f5f5;\">: 1</span></p>\r\n<p><span class=\"name\" style=\"margin: 0px; padding: 0px; border: 0px; font-weight: bold; color: #1c1d1c; font-family: montserrat; font-size: 13px;\">USB Type-C</span><span style=\"color: #1c1d1c; font-family: montserrat; font-size: 13px;\">: 2</span></p>\r\n<p><span class=\"name\" style=\"margin: 0px; padding: 0px; border: 0px; font-weight: bold; color: #1c1d1c; font-family: montserrat; font-size: 13px;\">Wi-fi</span><span style=\"color: #1c1d1c; font-family: montserrat; font-size: 13px; background-color: #f5f5f5;\">: Van</span></p>', 'ATX lapméret Intel típusú processzorhoz, mely DDR5-ös ramokat támogat. Van Wi-fi támogatottsága.'),
(25, 1, 4, '2023-05-21 07:54:41', 'ASUS ROG Maximus Z790 Hero (90MB1CI0-M0EAY0)', '1051680822.asus-rog-maximus-z790-hero.jpg', '90MB1CI0-M0EAY0-3.jpg', 'asus_rog_maximus_z790_hero.png', 305090, 'ATX;Intel_1700;DDR5;Intel', '<p><span class=\"name\" style=\"margin: 0px; padding: 0px; border: 0px; font-weight: bold; color: #1c1d1c; font-family: montserrat; font-size: 13px;\">Chipset t&iacute;pus</span><span style=\"color: #1c1d1c; font-family: montserrat; font-size: 13px; background-color: #f5f5f5;\">: Intel Z790</span></p>\r\n<p><span class=\"name\" style=\"margin: 0px; padding: 0px; border: 0px; font-weight: bold; color: #1c1d1c; font-family: montserrat; font-size: 13px;\">Form&aacute;tum</span><span style=\"color: #1c1d1c; font-family: montserrat; font-size: 13px; background-color: #f5f5f5;\">: ATX</span></p>\r\n<p><span class=\"name\" style=\"margin: 0px; padding: 0px; border: 0px; font-weight: bold; color: #1c1d1c; font-family: montserrat; font-size: 13px;\">Processzor foglalat</span><span style=\"color: #1c1d1c; font-family: montserrat; font-size: 13px;\">: Intel 1700</span></p>\r\n<p><span class=\"name\" style=\"margin: 0px; padding: 0px; border: 0px; font-weight: bold; color: #1c1d1c; font-family: montserrat; font-size: 13px;\">Mem&oacute;ria t&iacute;pus</span><span style=\"color: #1c1d1c; font-family: montserrat; font-size: 13px;\">: DDR5</span></p>\r\n<p><span class=\"name\" style=\"margin: 0px; padding: 0px; border: 0px; font-weight: bold; color: #1c1d1c; font-family: montserrat; font-size: 13px;\">Maximum mem&oacute;ria (GB)</span><span style=\"color: #1c1d1c; font-family: montserrat; font-size: 13px; background-color: #f5f5f5;\">: 128</span></p>\r\n<p><span class=\"name\" style=\"margin: 0px; padding: 0px; border: 0px; font-weight: bold; color: #1c1d1c; font-family: montserrat; font-size: 13px;\">Max. Mem&oacute;ria sebess&eacute;g</span><span style=\"color: #1c1d1c; font-family: montserrat; font-size: 13px;\">: 7800</span></p>\r\n<p><span class=\"name\" style=\"margin: 0px; padding: 0px; border: 0px; font-weight: bold; color: #1c1d1c; font-family: montserrat; font-size: 13px;\">SATA 3 csatlakoz&oacute;</span><span style=\"color: #1c1d1c; font-family: montserrat; font-size: 13px;\">: 6</span></p>\r\n<p><span class=\"name\" style=\"margin: 0px; padding: 0px; border: 0px; font-weight: bold; color: #1c1d1c; font-family: montserrat; font-size: 13px;\">Wi-fi</span><span style=\"color: #1c1d1c; font-family: montserrat; font-size: 13px; background-color: #f5f5f5;\">: Van</span></p>', 'ATX lapméret Intel típusú processzorhoz, mely DDR5-ös ramokat támogat. Van Wi-fi támogatottsága.'),
(26, 1, 6, '2023-05-21 07:55:01', 'GIGABYTE A520M S2H', '714719355.gigabyte-a520m-s2h.jpg', 'gigabyte-a520m-s2h-socket-am4-alaplap.jpg', 'ch287760.jpg', 26590, 'Micro-ATX;AMD_AM4;DDR4', '<p><span class=\"name\" style=\"margin: 0px; padding: 0px; border: 0px; font-weight: bold; color: #1c1d1c; font-family: montserrat; font-size: 13px;\">Form&aacute;tum</span><span style=\"color: #1c1d1c; font-family: montserrat; font-size: 13px; background-color: #f5f5f5;\">: Micro-ATX</span></p>\r\n<p><span class=\"name\" style=\"margin: 0px; padding: 0px; border: 0px; font-weight: bold; color: #1c1d1c; font-family: montserrat; font-size: 13px;\">Processzor foglalat</span><span style=\"color: #1c1d1c; font-family: montserrat; font-size: 13px; background-color: #f5f5f5;\">: AMD AM4</span></p>\r\n<p><span class=\"name\" style=\"margin: 0px; padding: 0px; border: 0px; font-weight: bold; color: #1c1d1c; font-family: montserrat; font-size: 13px;\">Mem&oacute;ria foglalatok sz&aacute;ma</span><span style=\"color: #1c1d1c; font-family: montserrat; font-size: 13px; background-color: #f5f5f5;\">: 2 db</span></p>\r\n<p><span class=\"name\" style=\"margin: 0px; padding: 0px; border: 0px; font-weight: bold; color: #1c1d1c; font-family: montserrat; font-size: 13px;\">Mem&oacute;ria foglalat</span><span style=\"color: #1c1d1c; font-family: montserrat; font-size: 13px;\">: DDR4</span></p>\r\n<p><span class=\"name\" style=\"margin: 0px; padding: 0px; border: 0px; font-weight: bold; color: #1c1d1c; font-family: montserrat; font-size: 13px;\">Maximum mem&oacute;ria (GB)</span><span style=\"color: #1c1d1c; font-family: montserrat; font-size: 13px;\">: 64 GB</span></p>\r\n<p><span class=\"name\" style=\"margin: 0px; padding: 0px; border: 0px; font-weight: bold; color: #1c1d1c; font-family: montserrat; font-size: 13px;\">Mem&oacute;ria &oacute;rajel (MHz)</span><span style=\"color: #1c1d1c; font-family: montserrat; font-size: 13px;\">: 5100 MHz</span></p>\r\n<p><span class=\"name\" style=\"margin: 0px; padding: 0px; border: 0px; font-weight: bold; color: #1c1d1c; font-family: montserrat; font-size: 13px;\">SATA 2 csatlakoz&oacute;</span><span style=\"color: #1c1d1c; font-family: montserrat; font-size: 13px;\">: 0</span></p>\r\n<p><span class=\"name\" style=\"margin: 0px; padding: 0px; border: 0px; font-weight: bold; color: #1c1d1c; font-family: montserrat; font-size: 13px;\">SATA 3 csatlakoz&oacute;</span><span style=\"color: #1c1d1c; font-family: montserrat; font-size: 13px; background-color: #f5f5f5;\">: 4 db</span></p>\r\n<p><span class=\"name\" style=\"margin: 0px; padding: 0px; border: 0px; font-weight: bold; color: #1c1d1c; font-family: montserrat; font-size: 13px;\">PCI-E foglalatok sz&aacute;ma</span><span style=\"color: #1c1d1c; font-family: montserrat; font-size: 13px; background-color: #f5f5f5;\">: 2</span></p>\r\n<p><span class=\"name\" style=\"margin: 0px; padding: 0px; border: 0px; font-weight: bold; color: #1c1d1c; font-family: montserrat; font-size: 13px;\">USB 2.0</span><span style=\"color: #1c1d1c; font-family: montserrat; font-size: 13px;\">: 2 db</span></p>\r\n<p><span class=\"name\" style=\"margin: 0px; padding: 0px; border: 0px; font-weight: bold; color: #1c1d1c; font-family: montserrat; font-size: 13px;\">USB 3.0</span><span style=\"color: #1c1d1c; font-family: montserrat; font-size: 13px; background-color: #f5f5f5;\">: 0</span></p>\r\n<p><span class=\"name\" style=\"margin: 0px; padding: 0px; border: 0px; font-weight: bold; color: #1c1d1c; font-family: montserrat; font-size: 13px;\">USB 3.1</span><span style=\"color: #1c1d1c; font-family: montserrat; font-size: 13px;\">: 6</span></p>\r\n<p><span class=\"name\" style=\"margin: 0px; padding: 0px; border: 0px; font-weight: bold; color: #1c1d1c; font-family: montserrat; font-size: 13px;\">USB 3.2</span><span style=\"color: #1c1d1c; font-family: montserrat; font-size: 13px; background-color: #f5f5f5;\">: 4 db</span></p>\r\n<p><span class=\"name\" style=\"margin: 0px; padding: 0px; border: 0px; font-weight: bold; color: #1c1d1c; font-family: montserrat; font-size: 13px;\">Wi-fi</span><span style=\"color: #1c1d1c; font-family: montserrat; font-size: 13px; background-color: #f5f5f5;\">: Nincs</span></p>', 'Micro-ATX lapméret AMD típusú processzorhoz, mely DDR4-es ramokat támogat. Nincs Wi-fi támogatottsága.'),
(27, 1, 8, '2023-05-21 07:55:24', 'ASRock B550 PG Velocita (90-MXBD90-A0UAYZ)', '698722425.asrock-b550-pg-velocita.jpg', 'B550 PG Velocita(L2).png', 'asrock_b550_phantom_gaming_velocita.jpg', 79290, 'ATX;AMD_B550;DDR4', '<p><span class=\"name\" style=\"margin: 0px; padding: 0px; border: 0px; font-weight: bold; color: #1c1d1c; font-family: montserrat; font-size: 13px;\">Chipset t&iacute;pus</span><span style=\"color: #1c1d1c; font-family: montserrat; font-size: 13px; background-color: #f5f5f5;\">: AMD B550</span></p>\r\n<p><span class=\"name\" style=\"margin: 0px; padding: 0px; border: 0px; font-weight: bold; color: #1c1d1c; font-family: montserrat; font-size: 13px;\">M&eacute;ret</span><span style=\"color: #1c1d1c; font-family: montserrat; font-size: 13px;\">: ATX</span></p>\r\n<p><span class=\"name\" style=\"margin: 0px; padding: 0px; border: 0px; font-weight: bold; color: #1c1d1c; font-family: montserrat; font-size: 13px;\">B?v&iacute;t?helyek PCIe 3.0 x1</span><span style=\"color: #1c1d1c; font-family: montserrat; font-size: 13px; background-color: #f5f5f5;\">: 2 db</span></p>\r\n<p><span class=\"name\" style=\"margin: 0px; padding: 0px; border: 0px; font-weight: bold; color: #1c1d1c; font-family: montserrat; font-size: 13px;\">B?v&iacute;t?helyek PCIe 4.0 x16</span><span style=\"color: #1c1d1c; font-family: montserrat; font-size: 13px;\">: 1 db</span></p>\r\n<p><span class=\"name\" style=\"margin: 0px; padding: 0px; border: 0px; font-weight: bold; color: #1c1d1c; font-family: montserrat; font-size: 13px;\">Mem&oacute;ria foglalatok sz&aacute;ma</span><span style=\"color: #1c1d1c; font-family: montserrat; font-size: 13px; background-color: #f5f5f5;\">: 4</span></p>\r\n<p><span class=\"name\" style=\"margin: 0px; padding: 0px; border: 0px; font-weight: bold; color: #1c1d1c; font-family: montserrat; font-size: 13px;\">Mem&oacute;ria &oacute;rajel (MHz)</span><span style=\"color: #1c1d1c; font-family: montserrat; font-size: 13px;\">: 4733 MHz</span></p>\r\n<p><span class=\"name\" style=\"margin: 0px; padding: 0px; border: 0px; font-weight: bold; color: #1c1d1c; font-family: montserrat; font-size: 13px;\">Mem&oacute;ria t&iacute;pus</span><span style=\"color: #1c1d1c; font-family: montserrat; font-size: 13px; background-color: #f5f5f5;\">: DDR4</span></p>\r\n<p><span class=\"name\" style=\"margin: 0px; padding: 0px; border: 0px; font-weight: bold; color: #1c1d1c; font-family: montserrat; font-size: 13px;\">Maximum mem&oacute;ria (GB)</span><span style=\"color: #1c1d1c; font-family: montserrat; font-size: 13px;\">: 128 GB</span></p>\r\n<p><span class=\"name\" style=\"margin: 0px; padding: 0px; border: 0px; font-weight: bold; color: #1c1d1c; font-family: montserrat; font-size: 13px;\">H&aacute;tlapi USB-A 3.2 Gen 2</span><span style=\"color: #1c1d1c; font-family: montserrat; font-size: 13px; background-color: #f5f5f5;\">: 1 db</span></p>\r\n<p><span class=\"name\" style=\"margin: 0px; padding: 0px; border: 0px; font-weight: bold; color: #1c1d1c; font-family: montserrat; font-size: 13px;\">H&aacute;tlapi USB-C 3.2 Gen2</span><span style=\"color: #1c1d1c; font-family: montserrat; font-size: 13px;\">: 1 db</span></p>\r\n<p><span class=\"name\" style=\"margin: 0px; padding: 0px; border: 0px; font-weight: bold; color: #1c1d1c; font-family: montserrat; font-size: 13px;\">Wi-fi</span><span style=\"color: #1c1d1c; font-family: montserrat; font-size: 13px; background-color: #f5f5f5;\">: nincs</span></p>', 'ATX lapméret AMD típusú processzorhoz, mely DDR4-es ramokat támogat. Nincsen Wi-fi támogatottsága.'),
(28, 2, 2, '2023-05-21 07:56:27', 'AMD Ryzen 5 5500 3.6GHz', '20220412164342-hpam-234_hpam_234_01_800x800.jpg', '957501495.amd-ryzen-5-5500-6-core-3-6-ghz-am4-box.jpg', 'AMD_AM4_CPU_Ryzen_5_5500_36GHz_19MB_Cache-i1210941.jpg', 38691, 'AMD_AM4;DDR4', '<p><span class=\"name\" style=\"margin: 0px; padding: 0px; border: 0px; font-weight: bold; color: #1c1d1c; font-family: montserrat; font-size: 13px;\"><span class=\"name\" style=\"margin: 0px; padding: 0px; border: 0px;\"><span class=\"name\" style=\"margin: 0px; padding: 0px; border: 0px;\">Processzor foglalat</span><span style=\"font-weight: 300;\">: AMD AM4</span></span></span></p>\r\n<p><span class=\"name\" style=\"margin: 0px; padding: 0px; border: 0px; font-weight: bold; color: #1c1d1c; font-family: montserrat; font-size: 13px;\"><span class=\"name\" style=\"margin: 0px; padding: 0px; border: 0px;\">Processzor &oacute;rajel</span><span style=\"font-weight: 300; background-color: #f5f5f5;\">: 3.6 GHz</span></span></p>\r\n<p><span class=\"name\" style=\"margin: 0px; padding: 0px; border: 0px; font-weight: bold; color: #1c1d1c; font-family: montserrat; font-size: 13px;\"><span class=\"name\" style=\"margin: 0px; padding: 0px; border: 0px;\">Processzor turbo &oacute;rajel (max)</span><span style=\"font-weight: 300;\">: 4.2 GHz</span></span></p>\r\n<p><span class=\"name\" style=\"margin: 0px; padding: 0px; border: 0px; font-weight: bold; color: #1c1d1c; font-family: montserrat; font-size: 13px;\"><span class=\"name\" style=\"margin: 0px; padding: 0px; border: 0px;\">Magok sz&aacute;ma</span><span style=\"font-weight: 300;\">: 6</span></span></p>\r\n<p><span class=\"name\" style=\"margin: 0px; padding: 0px; border: 0px; font-weight: bold; color: #1c1d1c; font-family: montserrat; font-size: 13px;\"><span class=\"name\" style=\"margin: 0px; padding: 0px; border: 0px;\">Processzorsz&aacute;lak</span><span style=\"font-weight: 300; background-color: #f5f5f5;\">: 12</span></span></p>\r\n<p><span class=\"name\" style=\"margin: 0px; padding: 0px; border: 0px; font-weight: bold; color: #1c1d1c; font-family: montserrat; font-size: 13px;\">L2 Cache (MB)</span><span style=\"color: #1c1d1c; font-family: montserrat; font-size: 13px; background-color: #f5f5f5;\">: 3 MB</span></p>\r\n<p><span class=\"name\" style=\"margin: 0px; padding: 0px; border: 0px; font-weight: bold; color: #1c1d1c; font-family: montserrat; font-size: 13px;\">L3 Cache (MB)</span><span style=\"color: #1c1d1c; font-family: montserrat; font-size: 13px; background-color: #f5f5f5;\">: 16 MB</span></p>\r\n<p><span class=\"name\" style=\"margin: 0px; padding: 0px; border: 0px; font-weight: bold; color: #1c1d1c; font-family: montserrat; font-size: 13px;\">Mem&oacute;ria foglalat</span><span style=\"color: #1c1d1c; font-family: montserrat; font-size: 13px; background-color: #f5f5f5;\">: DDR4</span></p>\r\n<p><span class=\"name\" style=\"margin: 0px; padding: 0px; border: 0px; font-weight: bold; color: #1c1d1c; font-family: montserrat; font-size: 13px;\">Mem&oacute;ria &oacute;rajel (MHz)</span><span style=\"color: #1c1d1c; font-family: montserrat; font-size: 13px;\">: 3500</span></p>\r\n<p><span class=\"name\" style=\"margin: 0px; padding: 0px; border: 0px; font-weight: bold; color: #1c1d1c; font-family: montserrat; font-size: 13px;\">Csomagol&aacute;s</span><span style=\"color: #1c1d1c; font-family: montserrat; font-size: 13px; background-color: #f5f5f5;\">: Dobozos (hűtővel)</span></p>\r\n<p><span class=\"name\" style=\"margin: 0px; padding: 0px; border: 0px; font-weight: bold; color: #1c1d1c; font-family: montserrat; font-size: 13px;\">Fogyaszt&aacute;s (TDP)</span><span style=\"color: #1c1d1c; font-family: montserrat; font-size: 13px;\">: 65 Watt</span></p>', 'AMD típusú processzor 3,6 GHz órajellel, mely DDR4-es ramokat támogat és jár hozzá processzor hűtő'),
(29, 2, 1, '2023-05-21 07:59:17', 'Intel Core i5-12400F (BX8071512400F)', '915286329.intel-i5-12400f-6-core-2-50ghz-lga1700-box.jpg', 'intel_core_i5-12400f_processzor-bx8071512400f-c42868_1-full.jpg', '', 65790, 'Intel_1700;DDR5', '<p><span class=\"name\" style=\"margin: 0px; padding: 0px; border: 0px; font-weight: bold; color: #1c1d1c; font-family: montserrat; font-size: 13px;\">Processzor foglalat</span><span style=\"color: #1c1d1c; font-family: montserrat; font-size: 13px;\">: Intel 1700</span></p>\r\n<p><span class=\"name\" style=\"margin: 0px; padding: 0px; border: 0px; font-weight: bold; color: #1c1d1c; font-family: montserrat; font-size: 13px;\">Processzor &oacute;rajel</span><span style=\"color: #1c1d1c; font-family: montserrat; font-size: 13px;\">: 2.5 GHz</span></p>\r\n<p><span class=\"name\" style=\"margin: 0px; padding: 0px; border: 0px; font-weight: bold; color: #1c1d1c; font-family: montserrat; font-size: 13px;\">Processzor turbo &oacute;rajel (max)</span><span style=\"color: #1c1d1c; font-family: montserrat; font-size: 13px; background-color: #f5f5f5;\">: 4.4 GHz</span></p>\r\n<p><span class=\"name\" style=\"margin: 0px; padding: 0px; border: 0px; font-weight: bold; color: #1c1d1c; font-family: montserrat; font-size: 13px;\">Mem&oacute;ria foglalat</span><span style=\"color: #1c1d1c; font-family: montserrat; font-size: 13px; background-color: #f5f5f5;\">: DDR5</span></p>\r\n<p><span class=\"name\" style=\"margin: 0px; padding: 0px; border: 0px; font-weight: bold; color: #1c1d1c; font-family: montserrat; font-size: 13px;\">Maximum mem&oacute;ria (GB)</span><span style=\"color: #1c1d1c; font-family: montserrat; font-size: 13px;\">: 128</span></p>\r\n<p><span class=\"name\" style=\"margin: 0px; padding: 0px; border: 0px; font-weight: bold; color: #1c1d1c; font-family: montserrat; font-size: 13px;\">Magok sz&aacute;ma</span><span style=\"color: #1c1d1c; font-family: montserrat; font-size: 13px;\">: 6</span></p>\r\n<p><span class=\"name\" style=\"margin: 0px; padding: 0px; border: 0px; font-weight: bold; color: #1c1d1c; font-family: montserrat; font-size: 13px;\">Processzorsz&aacute;lak</span><span style=\"color: #1c1d1c; font-family: montserrat; font-size: 13px; background-color: #f5f5f5;\">: 12</span></p>\r\n<p><span class=\"name\" style=\"margin: 0px; padding: 0px; border: 0px; font-weight: bold; color: #1c1d1c; font-family: montserrat; font-size: 13px;\">L2 Cache (MB)</span><span style=\"color: #1c1d1c; font-family: montserrat; font-size: 13px; background-color: #f5f5f5;\">: 7.5 MB</span></p>\r\n<p><span class=\"name\" style=\"margin: 0px; padding: 0px; border: 0px; font-weight: bold; color: #1c1d1c; font-family: montserrat; font-size: 13px;\">L3 Cache (MB)</span><span style=\"color: #1c1d1c; font-family: montserrat; font-size: 13px; background-color: #f5f5f5;\">: 18, 18 MB</span></p>\r\n<p><span class=\"name\" style=\"margin: 0px; padding: 0px; border: 0px; font-weight: bold; color: #1c1d1c; font-family: montserrat; font-size: 13px;\">Fogyaszt&aacute;s (TDP)</span><span style=\"color: #1c1d1c; font-family: montserrat; font-size: 13px; background-color: #f5f5f5;\">: 65 Watt</span></p>', 'Intel típusú processzor 2.5 GHz-es alap órajellel, melyet 4.4 GHz-re lehet turbózni, mely DDR5-ös ramokat támogat és a doboza NEM tartalmaz processzor hűtőt.'),
(30, 2, 1, '2023-05-21 07:58:54', 'Intel Core i7-13700K (BX8071513700K)', 'intel-core-i7-13700-2-1ghz-30mb-lga1700-box-bx8071513700-alkatresz-processzor-cc0c_1_big.jpg', '101725838.png', '', 175990, 'Intel_1700;DDR5', '<p><span class=\"name\" style=\"margin: 0px; padding: 0px; border: 0px; font-weight: bold; color: #1c1d1c; font-family: montserrat; font-size: 13px;\"><span class=\"name\" style=\"box-sizing: border-box; margin: 0px; padding: 0px; border: 0px;\">Processzor foglalat</span><span style=\"box-sizing: border-box; font-weight: 400;\">: Intel 1700</span></span></p>\r\n<p><span class=\"name\" style=\"margin: 0px; padding: 0px; border: 0px; font-weight: bold; color: #1c1d1c; font-family: montserrat; font-size: 13px;\"><span style=\"box-sizing: border-box; font-weight: 400;\"><span class=\"name\" style=\"margin: 0px; padding: 0px; border: 0px; font-weight: bold;\">Processzor &oacute;rajel</span>: 2.5 GHz</span></span></p>\r\n<p><span class=\"name\" style=\"margin: 0px; padding: 0px; border: 0px; font-weight: bold; color: #1c1d1c; font-family: montserrat; font-size: 13px;\"><span style=\"box-sizing: border-box; font-weight: 400;\"><span class=\"name\" style=\"margin: 0px; padding: 0px; border: 0px; font-weight: bold;\">Processzor turbo &oacute;rajel (max)</span><span style=\"background-color: #f5f5f5;\">: 5.4 GHz</span></span></span></p>\r\n<p><span class=\"name\" style=\"margin: 0px; padding: 0px; border: 0px; font-weight: bold; color: #1c1d1c; font-family: montserrat; font-size: 13px;\"><span style=\"box-sizing: border-box; font-weight: 400;\"><span class=\"name\" style=\"margin: 0px; padding: 0px; border: 0px; font-weight: bold;\">Mem&oacute;ria foglalat</span><span style=\"background-color: #f5f5f5;\">: DDR5</span></span></span></p>\r\n<p><span class=\"name\" style=\"margin: 0px; padding: 0px; border: 0px; font-weight: bold; color: #1c1d1c; font-family: montserrat; font-size: 13px;\"><span style=\"box-sizing: border-box; font-weight: 400;\"><span class=\"name\" style=\"margin: 0px; padding: 0px; border: 0px; font-weight: bold;\">Mem&oacute;ria &oacute;rajel (MHz)</span>: 3400</span></span></p>\r\n<p><span class=\"name\" style=\"margin: 0px; padding: 0px; border: 0px; font-weight: bold; color: #1c1d1c; font-family: montserrat; font-size: 13px;\"><span style=\"box-sizing: border-box; font-weight: 400;\"><span class=\"name\" style=\"box-sizing: border-box; margin: 0px; padding: 0px; border: 0px; font-weight: bold;\">Maximum mem&oacute;ria (GB)</span><span style=\"box-sizing: border-box;\">: 128</span></span></span></p>\r\n<p><span class=\"name\" style=\"margin: 0px; padding: 0px; border: 0px; font-weight: bold; color: #1c1d1c; font-family: montserrat; font-size: 13px;\"><span style=\"box-sizing: border-box; font-weight: 400;\"><span style=\"box-sizing: border-box;\"><span class=\"name\" style=\"margin: 0px; padding: 0px; border: 0px; font-weight: bold;\">Magok sz&aacute;ma</span><span style=\"background-color: #f5f5f5;\">: 16</span></span></span></span></p>\r\n<p><span class=\"name\" style=\"margin: 0px; padding: 0px; border: 0px; font-weight: bold; color: #1c1d1c; font-family: montserrat; font-size: 13px;\"><span style=\"box-sizing: border-box; font-weight: 400;\"><span style=\"box-sizing: border-box;\"><span class=\"name\" style=\"margin: 0px; padding: 0px; border: 0px; font-weight: bold;\">Processzorsz&aacute;lak</span><span style=\"background-color: #f5f5f5;\">: 24</span></span></span></span></p>\r\n<p><span class=\"name\" style=\"margin: 0px; padding: 0px; border: 0px; font-weight: bold; color: #1c1d1c; font-family: montserrat; font-size: 13px;\">L2 Cache (MB)</span><span style=\"color: #1c1d1c; font-family: montserrat; font-size: 13px;\">: 24 MB</span></p>\r\n<p><span class=\"name\" style=\"margin: 0px; padding: 0px; border: 0px; font-weight: bold; color: #1c1d1c; font-family: montserrat; font-size: 13px;\">L3 Cache (MB)</span><span style=\"color: #1c1d1c; font-family: montserrat; font-size: 13px; background-color: #f5f5f5;\">: 30 MB</span></p>\r\n<p><span class=\"name\" style=\"margin: 0px; padding: 0px; border: 0px; font-weight: bold; color: #1c1d1c; font-family: montserrat; font-size: 13px;\">Fogyaszt&aacute;s (TDP)</span><span style=\"color: #1c1d1c; font-family: montserrat; font-size: 13px; background-color: #f5f5f5;\">: 125 Watt</span></p>\r\n<p><span class=\"name\" style=\"margin: 0px; padding: 0px; border: 0px; font-weight: bold; color: #1c1d1c; font-family: montserrat; font-size: 13px;\">VGA t&iacute;pus</span><span style=\"color: #1c1d1c; font-family: montserrat; font-size: 13px; background-color: #f5f5f5;\">: Intel UHD Graphics 770</span></p>', 'Intel típusú processzor 2.5 GHz-es alap órajellel, melyet 5.4 GHz-re lehet turbózni, mely DDR5-ös ramokat támogat és a doboza NEM tartalmaz processzor hűtőt.'),
(31, 2, 2, '2023-05-21 08:00:35', 'AMD Ryzen 9 5900X (100-100000061WOF)', 'cm161414.jpg', 'amd-ryzen-9-5000-series-1.jpg', '907316349.amd-ryzen-9-5900x-12-core-3-7ghz-am4-tray.jpg', 134290, 'AMD_AM4;DDR4', '<p><span class=\"name\" style=\"margin: 0px; padding: 0px; border: 0px; font-weight: bold; color: #1c1d1c; font-family: montserrat; font-size: 13px;\">Processzor foglalat</span><span style=\"color: #1c1d1c; font-family: montserrat; font-size: 13px;\">: AMD AM4</span></p>\r\n<p><span class=\"name\" style=\"margin: 0px; padding: 0px; border: 0px; font-weight: bold; color: #1c1d1c; font-family: montserrat; font-size: 13px;\">Processzor &oacute;rajel</span><span style=\"color: #1c1d1c; font-family: montserrat; font-size: 13px; background-color: #f5f5f5;\">: 3,7 GHz</span></p>\r\n<p><span class=\"name\" style=\"margin: 0px; padding: 0px; border: 0px; font-weight: bold; color: #1c1d1c; font-family: montserrat; font-size: 13px;\">Processzor turbo &oacute;rajel (max)</span><span style=\"color: #1c1d1c; font-family: montserrat; font-size: 13px;\">: 4,8 GHz</span></p>\r\n<p><span class=\"name\" style=\"margin: 0px; padding: 0px; border: 0px; font-weight: bold; color: #1c1d1c; font-family: montserrat; font-size: 13px;\">Magok sz&aacute;ma</span><span style=\"color: #1c1d1c; font-family: montserrat; font-size: 13px;\">: 12</span></p>\r\n<p><span class=\"name\" style=\"margin: 0px; padding: 0px; border: 0px; font-weight: bold; color: #1c1d1c; font-family: montserrat; font-size: 13px;\">Processzorsz&aacute;lak</span><span style=\"color: #1c1d1c; font-family: montserrat; font-size: 13px;\">: 24</span></p>\r\n<p><span class=\"name\" style=\"margin: 0px; padding: 0px; border: 0px; font-weight: bold; color: #1c1d1c; font-family: montserrat; font-size: 13px;\">L2 Cache (MB)</span><span style=\"color: #1c1d1c; font-family: montserrat; font-size: 13px; background-color: #f5f5f5;\">: 6 MB</span></p>\r\n<p><span class=\"name\" style=\"margin: 0px; padding: 0px; border: 0px; font-weight: bold; color: #1c1d1c; font-family: montserrat; font-size: 13px;\">L3 Cache (MB)</span><span style=\"color: #1c1d1c; font-family: montserrat; font-size: 13px; background-color: #f5f5f5;\">: 64 MB</span></p>\r\n<p><span class=\"name\" style=\"margin: 0px; padding: 0px; border: 0px; font-weight: bold; color: #1c1d1c; font-family: montserrat; font-size: 13px;\">Mem&oacute;ria foglalat</span><span style=\"color: #1c1d1c; font-family: montserrat; font-size: 13px;\">: DDR4</span></p>\r\n<p><span class=\"name\" style=\"margin: 0px; padding: 0px; border: 0px; font-weight: bold; color: #1c1d1c; font-family: montserrat; font-size: 13px;\">Mem&oacute;ria &oacute;rajel (MHz)</span><span style=\"color: #1c1d1c; font-family: montserrat; font-size: 13px; background-color: #f5f5f5;\">: 3700</span></p>\r\n<p><span class=\"name\" style=\"margin: 0px; padding: 0px; border: 0px; font-weight: bold; color: #1c1d1c; font-family: montserrat; font-size: 13px;\">Csomagol&aacute;s</span><span style=\"color: #1c1d1c; font-family: montserrat; font-size: 13px;\">: Dobozos (hűtő n&eacute;lk&uuml;l)</span></p>\r\n<p><span class=\"name\" style=\"margin: 0px; padding: 0px; border: 0px; font-weight: bold; color: #1c1d1c; font-family: montserrat; font-size: 13px;\">VGA t&iacute;pus</span><span style=\"color: #1c1d1c; font-family: montserrat; font-size: 13px; background-color: #f5f5f5;\">: Nincs</span></p>\r\n<p><span class=\"name\" style=\"margin: 0px; padding: 0px; border: 0px; font-weight: bold; color: #1c1d1c; font-family: montserrat; font-size: 13px;\">Fogyaszt&aacute;s (TDP)</span><span style=\"color: #1c1d1c; font-family: montserrat; font-size: 13px;\">: 105 Watt</span></p>', 'AMD típusú processzor 3.7 GHz-es alap órajellel, melyet 4.8 GHz-re lehet turbózni, mely DDR4-es ramokat támogat. A doboza NEM tartalmaz processzor hűtőt.'),
(32, 2, 2, '2023-05-21 08:01:37', 'AMD Ryzen 9 7900X (100-100000589WOF)', 'amd_100_100000589wof_ryzen_9_7900x_4_7_1723469.jpg', '1037056914.amd-ryzen-9-7900x-4-70ghz-am5-box.jpg', 'amd-ryzen-9-7900x-4-7ghz-am5-box-ventilator-nelkul-_1.jpg', 178190, 'AMD_AM5;DDR5', '<p><span class=\"name\" style=\"margin: 0px; padding: 0px; border: 0px; font-weight: bold; color: #1c1d1c; font-family: montserrat; font-size: 13px;\">Processzor foglalat</span><span style=\"color: #1c1d1c; font-family: montserrat; font-size: 13px;\">: AMD AM5</span></p>\r\n<p><span class=\"name\" style=\"box-sizing: border-box; color: #1c1d1c; font-family: montserrat; font-size: 13px; font-weight: bold; margin: 0px; padding: 0px; border: 0px;\">Processzor &oacute;rajel</span><span style=\"box-sizing: border-box; color: #1c1d1c; font-family: montserrat; font-size: 13px; background-color: #f5f5f5;\">: 4.7 GHz</span></p>\r\n<p><span style=\"box-sizing: border-box; color: #1c1d1c; font-family: montserrat; font-size: 13px; background-color: #f5f5f5;\"><span class=\"name\" style=\"box-sizing: border-box; font-weight: bold; background-color: #ffffff; margin: 0px; padding: 0px; border: 0px;\">Processzor turbo &oacute;rajel (max)</span><span style=\"box-sizing: border-box; background-color: #ffffff;\">: 5.6 GHz</span></span></p>\r\n<p><span class=\"name\" style=\"margin: 0px; padding: 0px; border: 0px; font-weight: bold; color: #1c1d1c; font-family: montserrat; font-size: 13px;\">Magok sz&aacute;ma</span><span style=\"color: #1c1d1c; font-family: montserrat; font-size: 13px;\">: 12</span></p>\r\n<p><span class=\"name\" style=\"margin: 0px; padding: 0px; border: 0px; font-weight: bold; color: #1c1d1c; font-family: montserrat; font-size: 13px;\">Processzorsz&aacute;lak</span><span style=\"color: #1c1d1c; font-family: montserrat; font-size: 13px; background-color: #f5f5f5;\">: 24</span></p>\r\n<p><span class=\"name\" style=\"box-sizing: border-box; margin: 0px; padding: 0px; border: 0px; font-weight: bold; color: #1c1d1c; font-family: montserrat; font-size: 13px;\">Mem&oacute;ria foglalat</span><span style=\"box-sizing: border-box; color: #1c1d1c; font-family: montserrat; font-size: 13px; background-color: #f5f5f5;\">: DDR5</span></p>\r\n<p><span class=\"name\" style=\"margin: 0px; padding: 0px; border: 0px; font-weight: bold; color: #1c1d1c; font-family: montserrat; font-size: 13px;\">Mem&oacute;ria &oacute;rajel (MHz)</span><span style=\"color: #1c1d1c; font-family: montserrat; font-size: 13px;\">: 4700</span></p>\r\n<p><span class=\"name\" style=\"margin: 0px; padding: 0px; border: 0px; font-weight: bold; color: #1c1d1c; font-family: montserrat; font-size: 13px;\">Maximum mem&oacute;ria (GB)</span><span style=\"color: #1c1d1c; font-family: montserrat; font-size: 13px;\">: 128</span></p>\r\n<p><span class=\"name\" style=\"margin: 0px; padding: 0px; border: 0px; font-weight: bold; color: #1c1d1c; font-family: montserrat; font-size: 13px;\">Fogyaszt&aacute;s (TDP)</span><span style=\"color: #1c1d1c; font-family: montserrat; font-size: 13px;\">: 170 Watt</span></p>', 'AMD típusú processzor 4.7 GHz-es alap órajellel, melyet 5.6 GHz-re lehet turbózni. DDR5-ös ramokat támogat.'),
(33, 2, 1, '2023-05-21 08:04:58', 'Intel Core i7-11700KF (CM8070804488630)', 'L_19491.png', 'intel_core_i5_11600k_3_9ghz_12mb_lga1200_tray.jpg', '', 106390, 'Intel_1200;DDR4', '<p><span class=\"name\" style=\"margin: 0px; padding: 0px; border: 0px; font-weight: bold; color: #1c1d1c; font-family: montserrat; font-size: 13px;\"><span class=\"name\" style=\"margin: 0px; padding: 0px; border: 0px;\">Processzor foglalat</span><span style=\"font-weight: 300;\">: Intel 1200</span></span></p>\r\n<p><span class=\"name\" style=\"margin: 0px; padding: 0px; border: 0px; font-weight: bold; color: #1c1d1c; font-family: montserrat; font-size: 13px;\">Magok sz&aacute;ma</span><span style=\"color: #1c1d1c; font-family: montserrat; font-size: 13px; background-color: #f5f5f5;\">: 8</span></p>\r\n<p><span class=\"name\" style=\"box-sizing: border-box; margin: 0px; padding: 0px; border: 0px; font-weight: bold; color: #1c1d1c; font-family: montserrat; font-size: 13px;\">Processzorsz&aacute;lak</span><span style=\"box-sizing: border-box; color: #1c1d1c; font-family: montserrat; font-size: 13px; background-color: #f5f5f5;\">: 16</span></p>\r\n<p><span style=\"box-sizing: border-box; color: #1c1d1c; font-family: montserrat; font-size: 13px; background-color: #f5f5f5;\"><span class=\"name\" style=\"box-sizing: border-box; background-color: #ffffff; margin: 0px; padding: 0px; border: 0px; font-weight: bold;\">Processzor &oacute;rajel</span><span style=\"box-sizing: border-box; background-color: #ffffff;\">: 3.6 GHz</span></span></p>\r\n<p><span style=\"box-sizing: border-box; color: #1c1d1c; font-family: montserrat; font-size: 13px; background-color: #f5f5f5;\"><span style=\"box-sizing: border-box; background-color: #ffffff;\"><span class=\"name\" style=\"box-sizing: border-box; margin: 0px; padding: 0px; border: 0px; font-weight: bold;\">Processzor turbo &oacute;rajel (max)</span><span style=\"box-sizing: border-box; background-color: #f5f5f5;\">: 5.0 GHz</span></span></span></p>\r\n<p><span style=\"box-sizing: border-box; color: #1c1d1c; font-family: montserrat; font-size: 13px; background-color: #f5f5f5;\"><span style=\"box-sizing: border-box; background-color: #ffffff;\"><span style=\"box-sizing: border-box; background-color: #f5f5f5;\"><span class=\"name\" style=\"box-sizing: border-box; background-color: #ffffff; margin: 0px; padding: 0px; border: 0px; font-weight: bold;\">Mem&oacute;ria foglalat</span><span style=\"box-sizing: border-box;\">: DDR4</span></span></span></span></p>\r\n<p><span style=\"box-sizing: border-box; color: #1c1d1c; font-family: montserrat; font-size: 13px; background-color: #f5f5f5;\"><span style=\"box-sizing: border-box; background-color: #ffffff;\"><span style=\"box-sizing: border-box; background-color: #f5f5f5;\"><span style=\"box-sizing: border-box;\"><span class=\"name\" style=\"box-sizing: border-box; background-color: #ffffff; margin: 0px; padding: 0px; border: 0px; font-weight: bold;\">Maximum mem&oacute;ria (GB)</span><span style=\"box-sizing: border-box; background-color: #ffffff;\">: 128</span></span></span></span></span></p>\r\n<p><span style=\"box-sizing: border-box; color: #1c1d1c; font-family: montserrat; font-size: 13px; background-color: #f5f5f5;\"><span style=\"box-sizing: border-box; background-color: #ffffff;\"><span style=\"box-sizing: border-box; background-color: #f5f5f5;\"><span style=\"box-sizing: border-box;\"><span class=\"name\" style=\"box-sizing: border-box; background-color: #ffffff; margin: 0px; padding: 0px; border: 0px; font-weight: bold;\">Fogyaszt&aacute;s (TDP)</span><span style=\"box-sizing: border-box;\">: 125 Watt</span></span></span></span></span></p>', 'Intel típusú processzor 3.5 GHz-es alap órajellel, amelyet 5.0 GHz-ig lehet turbózni. DDR4-es ramokat támogat'),
(34, 3, 9, '2023-05-21 08:13:08', 'Sapphire RX 7900 XTX 24GB GDDR6 (21322-01-20G)', '1089987507.sapphire-radeon-rx-7900-xtx-gaming-24gb-gddr6-21322-01-20g.jpg', '2092147_sapphire-21322-01-20g-radeon-rx-7900-xtx-24gb-gddr6-pcie.png', '21322-01-20G-1434492.png', 533290, 'Melyseg;287;Minimum_tap;800', '<p><span class=\"name\" style=\"margin: 0px; padding: 0px; border: 0px; font-weight: bold; color: #1c1d1c; font-family: montserrat; font-size: 13px;\"><span class=\"name\" style=\"margin: 0px; padding: 0px; border: 0px;\"><span class=\"name\" style=\"margin: 0px; padding: 0px; border: 0px;\">Mem&oacute;ria m&eacute;ret (GB)</span><span style=\"font-weight: 300;\">: 24</span></span></span></p>\n<p><span class=\"name\" style=\"margin: 0px; padding: 0px; border: 0px; font-weight: bold; color: #1c1d1c; font-family: montserrat; font-size: 13px;\"><span class=\"name\" style=\"margin: 0px; padding: 0px; border: 0px;\">M&eacute;lys&eacute;g (mm)</span><span style=\"font-weight: 300;\">: 287</span></span></p>\n<p><span class=\"name\" style=\"margin: 0px; padding: 0px; border: 0px; font-weight: bold; color: #1c1d1c; font-family: montserrat; font-size: 13px;\"><span class=\"name\" style=\"margin: 0px; padding: 0px; border: 0px;\">DisplayPort kimenet</span><span style=\"font-weight: 300;\">: 2 db</span></span></p>\n<p><span class=\"name\" style=\"margin: 0px; padding: 0px; border: 0px; font-weight: bold; color: #1c1d1c; font-family: montserrat; font-size: 13px;\"><span class=\"name\" style=\"margin: 0px; padding: 0px; border: 0px;\">HDMI kimenet</span><span style=\"font-weight: 300; background-color: #f5f5f5;\">: 1 db</span></span></p>\n<p><span class=\"name\" style=\"margin: 0px; padding: 0px; border: 0px; font-weight: bold; color: #1c1d1c; font-family: montserrat; font-size: 13px;\"><span class=\"name\" style=\"margin: 0px; padding: 0px; border: 0px;\">USB Type-C</span><span style=\"font-weight: 300; background-color: #f5f5f5;\">: 1 db</span></span></p>\n<p><span class=\"name\" style=\"margin: 0px; padding: 0px; border: 0px; font-weight: bold; color: #1c1d1c; font-family: montserrat; font-size: 13px;\"><span class=\"name\" style=\"margin: 0px; padding: 0px; border: 0px;\">T&aacute;p csatlakoz&oacute; (pin)</span><span style=\"font-weight: 300;\">: 8+8+8</span></span></p>\n<p><span class=\"name\" style=\"margin: 0px; padding: 0px; border: 0px; font-weight: bold; color: #1c1d1c; font-family: montserrat; font-size: 13px;\">Fogyaszt&aacute;s (W)</span><span style=\"color: #1c1d1c; font-family: montserrat; font-size: 13px; background-color: #f5f5f5;\">: 370</span></p>', 'AMD támogatottságú videókártya 24GB memória mérettel. A kártya mérete 287mm.');
INSERT INTO `products` (`product_id`, `p_cat_id`, `cat_id`, `date`, `product_title`, `product_img1`, `product_img2`, `product_img3`, `product_price`, `product_keywords`, `product_desc`, `product_mini`) VALUES
(35, 3, 4, '2023-05-21 08:12:46', 'ASUS TUF Gaming RTX 4070 OC Edition 12GB GDDR6X (TUF-RTX4070-O12G-GAMING)', 'res_5255fe8c4486953e061981ab6150cec4.png', 'TUF-RTX4070-O12G-GAMING_3-1472373.png', 'TUF-RTX4070-O12G-GAMING_-1472370.png', 324389, 'Melyseg;301;Minimum_tap;750', '<p><span class=\"name\" style=\"margin: 0px; padding: 0px; border: 0px; font-weight: bold; color: #1c1d1c; font-family: montserrat; font-size: 13px;\"><span class=\"name\" style=\"box-sizing: border-box; margin: 0px; padding: 0px; border: 0px;\">Mem&oacute;ria m&eacute;ret (GB)</span><span style=\"box-sizing: border-box; font-weight: 300;\">: 12</span></span></p>\n<p><span class=\"name\" style=\"margin: 0px; padding: 0px; border: 0px; font-weight: bold; color: #1c1d1c; font-family: montserrat; font-size: 13px;\"><span style=\"box-sizing: border-box; font-weight: 300;\"><span class=\"name\" style=\"margin: 0px; padding: 0px; border: 0px; font-weight: bold;\">M&eacute;lys&eacute;g (mm)</span>: 301</span></span></p>\n<p><span class=\"name\" style=\"margin: 0px; padding: 0px; border: 0px; font-weight: bold; color: #1c1d1c; font-family: montserrat; font-size: 13px;\">HDMI kimenet</span><span style=\"color: #1c1d1c; font-family: montserrat; font-size: 13px;\">: 1 db</span></p>\n<p><span class=\"name\" style=\"margin: 0px; padding: 0px; border: 0px; font-weight: bold; color: #1c1d1c; font-family: montserrat; font-size: 13px;\">DisplayPort kimenet</span><span style=\"color: #1c1d1c; font-family: montserrat; font-size: 13px;\">: 3 db</span></p>\n<p><span class=\"name\" style=\"margin: 0px; padding: 0px; border: 0px; font-weight: bold; color: #1c1d1c; font-family: montserrat; font-size: 13px;\">Csatol&oacute;fel&uuml;let</span><span style=\"color: #1c1d1c; font-family: montserrat; font-size: 13px;\">: PCIe 4.0</span></p>', 'NVIDIA támogatottságú videókártya 12GB memóriával. A kártya hossza 301mm.'),
(36, 3, 4, '2023-05-21 08:13:59', 'ASUS Dual RTX 3060 Ti V2 OC 8GB GDDR6 LHR (DUAL-RTX3060TI-O8G-V2)', '836567676.asus-geforce-rtx-3060-ti-8gb-gddr6-256bit-lhr-dual-rtx3060ti-o8g-v2.jpg', 'asus-geforce-rtx-3060-ti-8gb-dual-oc-edition-videokartya-dual-rtx3060ti-o8g-1099230.png', 'VGA_ASUS_NVIDIA_RTX_3060_Ti_8GB_GDDR6_-_DUAL-RTX3060TI-O8G-V2_-_Low_Hashrate_LHR-i518809.png', 192689, 'Melyseg;269;Minimum_tap;750', '<p><span class=\"name\" style=\"margin: 0px; padding: 0px; border: 0px; font-weight: bold; color: #1c1d1c; font-family: montserrat; font-size: 13px;\"><span class=\"name\" style=\"box-sizing: border-box; margin: 0px; padding: 0px; border: 0px;\">Mem&oacute;ria m&eacute;ret (GB)</span><span style=\"box-sizing: border-box; font-weight: 300;\">: 8</span></span></p>\n<p><span class=\"name\" style=\"margin: 0px; padding: 0px; border: 0px; font-weight: bold; color: #1c1d1c; font-family: montserrat; font-size: 13px;\">DisplayPort kimenet</span><span style=\"color: #1c1d1c; font-family: montserrat; font-size: 13px;\">: 3</span></p>\n<p><span class=\"name\" style=\"margin: 0px; padding: 0px; border: 0px; font-weight: bold; color: #1c1d1c; font-family: montserrat; font-size: 13px;\">HDMI kimenet</span><span style=\"color: #1c1d1c; font-family: montserrat; font-size: 13px; background-color: #f5f5f5;\">: 2</span></p>\n<p><span class=\"name\" style=\"margin: 0px; padding: 0px; border: 0px; font-weight: bold; color: #1c1d1c; font-family: montserrat; font-size: 13px;\">M&eacute;lys&eacute;g (mm)</span><span style=\"color: #1c1d1c; font-family: montserrat; font-size: 13px; background-color: #f5f5f5;\">: 269</span></p>\n<p><span class=\"name\" style=\"margin: 0px; padding: 0px; border: 0px; font-weight: bold; color: #1c1d1c; font-family: montserrat; font-size: 13px;\">T&aacute;p csatlakoz&oacute; (pin)</span><span style=\"color: #1c1d1c; font-family: montserrat; font-size: 13px; background-color: #f5f5f5;\">: 8</span></p>\n<p><span class=\"name\" style=\"margin: 0px; padding: 0px; border: 0px; font-weight: bold; color: #1c1d1c; font-family: montserrat; font-size: 13px;\">Fogyaszt&aacute;s max. (W)</span><span style=\"color: #1c1d1c; font-family: montserrat; font-size: 13px; background-color: #f5f5f5;\">: 200</span></p>', 'NIVIDIA támogatottságú videókártya 8GB memóriával. A kártya hossza 269mm'),
(37, 3, 4, '2023-05-21 08:16:02', 'ASUS ROG Strix RTX 4090 OC 24GB GDDR6X (ROG-STRIX-RTX4090-O24G-GAMING)', '1053647718.asus-geforce-rtx-4090-oc-24gb-gddr6x-rog-strix-rtx4090-o24g-gaming.jpg', 'asus-rog-strix-rtx4090-o24g-gaming_5.jpg', '4090 ROG Strix OC Edition_2-1401353.png', 870290, 'Melyseg;357,6;Minimum_tap;1000', '<p><span class=\"name\" style=\"margin: 0px; padding: 0px; border: 0px; font-weight: bold; color: #1c1d1c; font-family: montserrat; font-size: 13px;\">Csatol&oacute;fel&uuml;let</span><span style=\"color: #1c1d1c; font-family: montserrat; font-size: 13px; background-color: #f5f5f5;\">: PCI-E 4.0</span></p>\r\n<p><span class=\"name\" style=\"box-sizing: border-box; color: #1c1d1c; font-family: montserrat; font-size: 13px; font-weight: bold; margin: 0px; padding: 0px; border: 0px;\">Mem&oacute;ria m&eacute;ret (GB)</span><span style=\"box-sizing: border-box; color: #1c1d1c; font-family: montserrat; font-size: 13px;\">: 24</span></p>\r\n<p><span class=\"name\" style=\"margin: 0px; padding: 0px; border: 0px; font-weight: bold; color: #1c1d1c; font-family: montserrat; font-size: 13px;\">DisplayPort kimenet</span><span style=\"color: #1c1d1c; font-family: montserrat; font-size: 13px;\">: 3</span></p>\r\n<p><span class=\"name\" style=\"margin: 0px; padding: 0px; border: 0px; font-weight: bold; color: #1c1d1c; font-family: montserrat; font-size: 13px;\">HDMI kimenet</span><span style=\"color: #1c1d1c; font-family: montserrat; font-size: 13px; background-color: #f5f5f5;\">: 2</span></p>\r\n<p><span class=\"name\" style=\"margin: 0px; padding: 0px; border: 0px; font-weight: bold; color: #1c1d1c; font-family: montserrat; font-size: 13px;\">M&eacute;lys&eacute;g (mm)</span><span style=\"color: #1c1d1c; font-family: montserrat; font-size: 13px;\">: 357,6</span></p>', 'NVIDIA támogatottságú videókártya 24GB memóriával. A kártya hossza 357.6mm'),
(38, 3, 6, '2023-05-21 08:16:37', 'GIGABYTE RX 6600 Eagle 8G 8GB GDDR6 (GV-R66EAGLE-8GD)', '875122641.gigabyte-radeon-eagle-rx-6600-8gb-gddr6-128bit-gv-r66eagle-8gd.jpg', 'kf-img.png', 'gigabyte-rx-6600-eagle-8g-gv-r66eagle-8gd_51941055_1200x630.jpg', 111390, 'Melyseg;282;Minimum_tap;500', '<p><span class=\"name\" style=\"margin: 0px; padding: 0px; border: 0px; font-weight: bold; color: #1c1d1c; font-family: montserrat; font-size: 13px;\"><span class=\"name\" style=\"box-sizing: border-box; margin: 0px; padding: 0px; border: 0px;\">Mem&oacute;ria m&eacute;ret (GB)</span><span style=\"box-sizing: border-box; font-weight: 300;\">: 8</span></span></p>\r\n<p><span class=\"name\" style=\"margin: 0px; padding: 0px; border: 0px; font-weight: bold; color: #1c1d1c; font-family: montserrat; font-size: 13px;\">DisplayPort kimenet</span><span style=\"color: #1c1d1c; font-family: montserrat; font-size: 13px; background-color: #f5f5f5;\">: 2</span></p>\r\n<p><span class=\"name\" style=\"margin: 0px; padding: 0px; border: 0px; font-weight: bold; color: #1c1d1c; font-family: montserrat; font-size: 13px;\">HDMI kimenet</span><span style=\"color: #1c1d1c; font-family: montserrat; font-size: 13px; background-color: #f5f5f5;\">: 2</span></p>\r\n<p><span class=\"name\" style=\"margin: 0px; padding: 0px; border: 0px; font-weight: bold; color: #1c1d1c; font-family: montserrat; font-size: 13px;\">M&eacute;lys&eacute;g (mm)</span><span style=\"color: #1c1d1c; font-family: montserrat; font-size: 13px;\">: 282</span></p>\r\n<p><span class=\"name\" style=\"margin: 0px; padding: 0px; border: 0px; font-weight: bold; color: #1c1d1c; font-family: montserrat; font-size: 13px;\">T&aacute;p csatlakoz&oacute; (pin)</span><span style=\"color: #1c1d1c; font-family: montserrat; font-size: 13px;\">: 8</span></p>\r\n<p><span class=\"name\" style=\"margin: 0px; padding: 0px; border: 0px; font-weight: bold; color: #1c1d1c; font-family: montserrat; font-size: 13px;\">Aj&aacute;nlott t&aacute;pegys&eacute;g</span><span style=\"color: #1c1d1c; font-family: montserrat; font-size: 13px; background-color: #f5f5f5;\">: 500W</span></p>', 'AMD támogatottságú videókártya 8GB memóriával. A kártya hossza 282mm.'),
(39, 4, 10, '2023-05-21 08:18:07', 'Kingston 16GB3200MHz DDR-4 (Kit of 2) FURY Beast RGB (KF432C16BBAK216)', 'kingston-16gb3200mhz-ddr4-kit-of-2-fury-beast-rgb-kf432c16bbak216-memoria.jpg', '839430492.kingston-fury-beast-rgb-16gb-2x8gb-ddr4-3200mhz-kf432c16bbak2-16.jpg', '', 20390, 'DDR4', '<p><span class=\"name\" style=\"margin: 0px; padding: 0px; border: 0px; font-weight: bold; color: #1c1d1c; font-family: montserrat; font-size: 13px;\">Mem&oacute;ria foglalat</span><span style=\"color: #1c1d1c; font-family: montserrat; font-size: 13px;\">: DDR4</span></p>\r\n<p><span class=\"name\" style=\"margin: 0px; padding: 0px; border: 0px; font-weight: bold; color: #1c1d1c; font-family: montserrat; font-size: 13px;\">Mem&oacute;ria &oacute;rajel (MHz)</span><span style=\"color: #1c1d1c; font-family: montserrat; font-size: 13px;\">: 3200</span></p>\r\n<p><span class=\"name\" style=\"margin: 0px; padding: 0px; border: 0px; font-weight: bold; color: #1c1d1c; font-family: montserrat; font-size: 13px;\">Mem&oacute;ria m&eacute;ret (GB)</span><span style=\"color: #1c1d1c; font-family: montserrat; font-size: 13px; background-color: #f5f5f5;\">: 2x8</span></p>\r\n<p><span class=\"name\" style=\"margin: 0px; padding: 0px; border: 0px; font-weight: bold; color: #1c1d1c; font-family: montserrat; font-size: 13px;\">Modul kialak&iacute;t&aacute;sa</span><span style=\"color: #1c1d1c; font-family: montserrat; font-size: 13px;\">: DIMM</span></p>\r\n<p><span class=\"name\" style=\"margin: 0px; padding: 0px; border: 0px; font-weight: bold; color: #1c1d1c; font-family: montserrat; font-size: 13px;\">Fesz&uuml;lts&eacute;g (V)</span><span style=\"color: #1c1d1c; font-family: montserrat; font-size: 13px;\">: 1.35V</span></p>', 'DDR4-es memória 3200MHz-es órajellel mely 2x8-as csomagban van.'),
(40, 4, 11, '2023-05-21 08:19:15', 'RAM DDR4 8GB (1x8) 3000MHz G.Skill Aegis F4-3000C16S-8GISB', 'MEGS115.jpg', 'res_6941b540bfdeb57c4b65076b1a42a961.png', '', 7290, 'DDR4', '<p><span class=\"name\" style=\"margin: 0px; padding: 0px; border: 0px; font-weight: bold; color: #1c1d1c; font-family: montserrat; font-size: 13px;\"><span class=\"name\" style=\"box-sizing: border-box; margin: 0px; padding: 0px; border: 0px;\"><span class=\"name\" style=\"margin: 0px; padding: 0px; border: 0px;\">Mem&oacute;ria foglalat</span><span style=\"font-weight: 300;\">: DDR4</span></span></span></p>\r\n<p><span class=\"name\" style=\"margin: 0px; padding: 0px; border: 0px; font-weight: bold; color: #1c1d1c; font-family: montserrat; font-size: 13px;\"><span class=\"name\" style=\"box-sizing: border-box; margin: 0px; padding: 0px; border: 0px;\">Mem&oacute;ria m&eacute;ret (GB)</span><span style=\"box-sizing: border-box; font-weight: 400; background-color: #f5f5f5;\">: 8</span></span></p>\r\n<p><span class=\"name\" style=\"margin: 0px; padding: 0px; border: 0px; font-weight: bold; color: #1c1d1c; font-family: montserrat; font-size: 13px;\"><span style=\"box-sizing: border-box; font-weight: 400; background-color: #f5f5f5;\"><span class=\"name\" style=\"box-sizing: border-box; background-color: #ffffff; margin: 0px; padding: 0px; border: 0px; font-weight: bold;\">Mem&oacute;ria &oacute;rajel (MHz)</span><span style=\"box-sizing: border-box; background-color: #ffffff;\">: 3000</span></span></span></p>\r\n<p><span class=\"name\" style=\"margin: 0px; padding: 0px; border: 0px; font-weight: bold; color: #1c1d1c; font-family: montserrat; font-size: 13px;\">Fesz&uuml;lts&eacute;g (V)</span><span style=\"color: #1c1d1c; font-family: montserrat; font-size: 13px;\">: 1.35V</span></p>', 'DDR4-es memória 3000MHz-es órajellel, mely 1x8-as csomagban van.'),
(41, 4, 11, '2023-05-21 08:20:37', 'G.Skill Trident Z RGB CL18 16GB 3600MHz DDR4 RAM', '504586915.g-skill-trident-z-rgb-16gb-2x8gb-ddr4-3600mhz-f4-3600c18d-16gtzrx.jpg', '719zqh6FvmL.jpg', '16gb-3600mhz-ddr4-ram-gskill-trident-z-rgb-cl18-2x8gb-f4-3600c18d-16gtzrx-904772.png', 24290, 'DDR4', '<p><span class=\"name\" style=\"box-sizing: border-box; margin: 0px; padding: 0px; border: 0px; font-weight: bold; color: #1c1d1c; font-family: montserrat; font-size: 13px;\">Mem&oacute;ria foglalat</span><span style=\"box-sizing: border-box; color: #1c1d1c; font-family: montserrat; font-size: 13px;\">: DDR4</span></p>\r\n<p><span style=\"box-sizing: border-box; color: #1c1d1c; font-family: montserrat; font-size: 13px;\"><span class=\"name\" style=\"margin: 0px; padding: 0px; border: 0px; font-weight: bold;\">Mem&oacute;ria &oacute;rajel (MHz)</span>: 3600</span></p>\r\n<p><span style=\"box-sizing: border-box; color: #1c1d1c; font-family: montserrat; font-size: 13px;\"><span class=\"name\" style=\"box-sizing: border-box; margin: 0px; padding: 0px; border: 0px; font-weight: bold;\">Mem&oacute;ria m&eacute;ret (GB)</span><span style=\"box-sizing: border-box; background-color: #f5f5f5;\">: 2x8</span></span></p>\r\n<p><span style=\"box-sizing: border-box; color: #1c1d1c; font-family: montserrat; font-size: 13px;\"><span style=\"box-sizing: border-box; background-color: #f5f5f5;\"><span class=\"name\" style=\"margin: 0px; padding: 0px; border: 0px; font-weight: bold;\">Modul kialak&iacute;t&aacute;sa</span>: DIMM</span></span></p>\r\n<p><span style=\"box-sizing: border-box; color: #1c1d1c; font-family: montserrat; font-size: 13px;\"><span style=\"box-sizing: border-box; background-color: #f5f5f5;\"><span class=\"name\" style=\"box-sizing: border-box; background-color: #ffffff; margin: 0px; padding: 0px; border: 0px; font-weight: bold;\">Fesz&uuml;lts&eacute;g (V)</span><span style=\"box-sizing: border-box; background-color: #ffffff;\">: 1.35V</span></span></span></p>', 'DDR4-es memória 3600MHz-es órajellel, mely 2x8-as csomagban van.'),
(42, 4, 10, '2023-05-21 08:21:02', 'Kingston FURY Beast RGB 16GB 6000MHz DDR5 (KF560C40BBAK2-16)', '980910792.kingston-fury-beast-rgb-16gb-2x8gb-ddr5-6000mhz-kf560c40bbak2-16.jpg', 'ddr5-dimm-beast-rgb-kit2.jpg', '1073725720__57414.jpg', 35690, 'DDR5', '<p><span class=\"name\" style=\"margin: 0px; padding: 0px; border: 0px; font-weight: bold; color: #1c1d1c; font-family: montserrat; font-size: 13px;\">Mem&oacute;ria foglalat</span><span style=\"color: #1c1d1c; font-family: montserrat; font-size: 13px; background-color: #f5f5f5;\">: DDR5</span></p>\n<p><span class=\"name\" style=\"margin: 0px; padding: 0px; border: 0px; font-weight: bold; color: #1c1d1c; font-family: montserrat; font-size: 13px;\">Mem&oacute;ria &oacute;rajel (MHz)</span><span style=\"color: #1c1d1c; font-family: montserrat; font-size: 13px;\">: 6000</span></p>\n<p><span class=\"name\" style=\"margin: 0px; padding: 0px; border: 0px; font-weight: bold; color: #1c1d1c; font-family: montserrat; font-size: 13px;\">RGB vil&aacute;g&iacute;t&aacute;s</span><span style=\"color: #1c1d1c; font-family: montserrat; font-size: 13px; background-color: #f5f5f5;\">: Igen</span></p>\n<p><span class=\"name\" style=\"box-sizing: border-box; margin: 0px; padding: 0px; border: 0px; font-weight: bold; color: #1c1d1c; font-family: montserrat; font-size: 13px;\">Mem&oacute;ria m&eacute;ret (GB)</span><span style=\"box-sizing: border-box; color: #1c1d1c; font-family: montserrat; font-size: 13px; background-color: #f5f5f5;\">: 16</span></p>\n<p><span style=\"box-sizing: border-box; color: #1c1d1c; font-family: montserrat; font-size: 13px; background-color: #f5f5f5;\"><span class=\"name\" style=\"margin: 0px; padding: 0px; border: 0px; font-weight: bold;\">Csomag tartalma</span>: 2db 8GB-os modul</span></p>', 'DDR5-ös memória 6000MHz-es órajellel, mely 2x8-as csomagban van.'),
(43, 4, 10, '2023-05-21 08:22:17', 'Kingston ValueRAM DIMM 8GB 4800MHz DDR5 (KVR48U40BS6-8)', 'res_60afe1fb84a7733bef70763eb2d7be25.jfif', 'res_c6f1e3cb172e14987fd03c030217c26a.jfif', '', 13790, 'DDR5', '<p><span class=\"name\" style=\"margin: 0px; padding: 0px; border: 0px; font-weight: bold; color: #1c1d1c; font-family: montserrat; font-size: 13px;\">Mem&oacute;ria foglalat</span><span style=\"color: #1c1d1c; font-family: montserrat; font-size: 13px; background-color: #f5f5f5;\">: DDR5</span></p>\r\n<p><span class=\"name\" style=\"color: #1c1d1c; font-family: montserrat; font-size: 13px; box-sizing: border-box; margin: 0px; padding: 0px; border: 0px; font-weight: bold;\">Mem&oacute;ria m&eacute;ret (GB)</span><span style=\"color: #1c1d1c; font-family: montserrat; font-size: 13px; box-sizing: border-box; background-color: #f5f5f5;\">: 8</span></p>\r\n<p><span class=\"name\" style=\"margin: 0px; padding: 0px; border: 0px; font-weight: bold; color: #1c1d1c; font-family: montserrat; font-size: 13px;\">Mem&oacute;ria &oacute;rajel (MHz)</span><span style=\"color: #1c1d1c; font-family: montserrat; font-size: 13px;\">: 4800</span></p>\r\n<p><span class=\"name\" style=\"box-sizing: border-box; margin: 0px; padding: 0px; border: 0px; font-weight: bold; color: #1c1d1c; font-family: montserrat; font-size: 13px;\">Modul kialak&iacute;t&aacute;sa</span><span style=\"box-sizing: border-box; color: #1c1d1c; font-family: montserrat; font-size: 13px;\">: DIMM</span></p>', 'DDR5-ös memória 4800MHz-es órajellel, mely 1x8-as csomagban van.'),
(44, 4, 12, '2023-05-21 08:22:54', 'CORSAIR DOMINATOR PLATINUM RGB 2x16GB 5200Mhz DDR5 (CMT32GX5M2B5200C40)', 'corsair-32gb-ddr5-5200mhz-kit-2x16gb-dominator-platinum-rgb-black_1.jpg', 'Corsair-Dominator-Platinum-DDR5-Review-Dominator-Platinum-32GB-5200MHz-DDR5-Review.jpg', 'LD0005900561_1_0005912834.jpg', 76690, 'DDR5', '<p><span class=\"name\" style=\"box-sizing: border-box; margin: 0px; padding: 0px; border: 0px; font-weight: bold; color: #1c1d1c; font-family: montserrat; font-size: 13px;\">Mem&oacute;ria foglalat</span><span style=\"box-sizing: border-box; color: #1c1d1c; font-family: montserrat; font-size: 13px;\">: DDR5</span></p>\r\n<p><span style=\"box-sizing: border-box; color: #1c1d1c; font-family: montserrat; font-size: 13px;\"><span class=\"name\" style=\"margin: 0px; padding: 0px; border: 0px; font-weight: bold;\">Kapacit&aacute;s (GB)</span>: 32 GB</span></p>\r\n<p><span style=\"box-sizing: border-box; color: #1c1d1c; font-family: montserrat; font-size: 13px;\"><span class=\"name\" style=\"box-sizing: border-box; margin: 0px; padding: 0px; border: 0px; font-weight: bold;\">Mem&oacute;ria &oacute;rajel (MHz)</span><span style=\"box-sizing: border-box;\">: 5200</span></span></p>\r\n<p><span style=\"box-sizing: border-box; color: #1c1d1c; font-family: montserrat; font-size: 13px;\"><span style=\"box-sizing: border-box;\"><span class=\"name\" style=\"box-sizing: border-box; margin: 0px; padding: 0px; border: 0px; font-weight: bold;\">Modul kialak&iacute;t&aacute;sa</span><span style=\"box-sizing: border-box;\">: DIMM</span></span></span></p>\r\n<p><span style=\"box-sizing: border-box; color: #1c1d1c; font-family: montserrat; font-size: 13px;\"><span style=\"box-sizing: border-box;\"><span style=\"box-sizing: border-box;\"><span class=\"name\" style=\"box-sizing: border-box; margin: 0px; padding: 0px; border: 0px; font-weight: bold;\">Csomag tartalma</span><span style=\"background-color: #f5f5f5;\">: 2db 16GB-os modul</span></span></span></span></p>', 'DDR5-ös memória 5200MHz-es órajellel, mely 2x16-os csomagban van.'),
(45, 5, 13, '2023-05-21 08:24:09', 'Seagate HDD 3.5', 'Seagate_Belso_HDD_35_2TB_-_ST2000DM008_7200rpm_256_MB_puffer_SATA3_-_Barracuda-i232486.png', '498620815.seagate-barracuda-3-5-2tb-7200rpm-256mb-sata3-st2000dm008.jpg', '4747427-550x550w.jpg.jfif', 17890, 'HDD;2,5;7200rpm', '<p><span class=\"name\" style=\"margin: 0px; padding: 0px; border: 0px; font-weight: bold; color: #1c1d1c; font-family: montserrat; font-size: 13px;\"><span class=\"name\" style=\"margin: 0px; padding: 0px; border: 0px;\">T&iacute;pus</span><span style=\"font-weight: 300;\">: HDD</span></span></p>\r\n<p><span class=\"name\" style=\"margin: 0px; padding: 0px; border: 0px; font-weight: bold; color: #1c1d1c; font-family: montserrat; font-size: 13px;\">Fordulatsz&aacute;m (rpm)</span><span style=\"color: #1c1d1c; font-family: montserrat; font-size: 13px;\">: 7200</span></p>\r\n<p><span class=\"name\" style=\"margin: 0px; padding: 0px; border: 0px; font-weight: bold; color: #1c1d1c; font-family: montserrat; font-size: 13px;\">Merevlemez kapacit&aacute;sa</span><span style=\"color: #1c1d1c; font-family: montserrat; font-size: 13px;\">: 2TB</span></p>\r\n<p><span class=\"name\" style=\"margin: 0px; padding: 0px; border: 0px; font-weight: bold; color: #1c1d1c; font-family: montserrat; font-size: 13px;\">M&eacute;ret</span><span style=\"color: #1c1d1c; font-family: montserrat; font-size: 13px; background-color: #f5f5f5;\">: 3.5\"</span></p>\r\n<p><span style=\"color: #1c1d1c; font-family: montserrat; font-size: 13px; background-color: #f5f5f5;\"><span class=\"name\" style=\"margin: 0px; padding: 0px; border: 0px; font-weight: bold;\">Csatol&oacute;fel&uuml;let</span><span style=\"background-color: #ffffff;\">: SATA, SATA III, SATA III (6Gb/s), SATA-III</span></span></p>', '7200rpm-es 3.5-ös HDD 2TB-os kapacitással.'),
(46, 5, 14, '2023-05-21 08:24:04', 'Western Digital Blue 2TB WD20EZBX', '1099784_thumb320.jpg', 'Western-Digital-WD-2TB-WD-Blue-PC-Hard-Drive-Internal-HDD-7200-RPM-256-MB-Cache.jpg', '', 18890, 'HDD;3,5;7200rpm', '<p><span class=\"name\" style=\"box-sizing: border-box; color: #1c1d1c; font-family: montserrat; font-size: 13px; font-weight: bold; margin: 0px; padding: 0px; border: 0px;\">T&iacute;pus</span><span style=\"box-sizing: border-box; color: #1c1d1c; font-family: montserrat; font-size: 13px;\">: HDD</span></p>\r\n<p><span style=\"box-sizing: border-box; color: #1c1d1c; font-family: montserrat; font-size: 13px;\"><span class=\"name\" style=\"box-sizing: border-box; margin: 0px; padding: 0px; border: 0px; font-weight: bold;\">Fordulatsz&aacute;m (rpm)</span><span style=\"box-sizing: border-box;\">: 7200</span></span></p>\r\n<p><span style=\"box-sizing: border-box; color: #1c1d1c; font-family: montserrat; font-size: 13px;\"><span style=\"box-sizing: border-box;\"><span class=\"name\" style=\"box-sizing: border-box; margin: 0px; padding: 0px; border: 0px; font-weight: bold;\">Merevlemez kapacit&aacute;sa</span><span style=\"box-sizing: border-box;\">: 2TB</span></span></span></p>\r\n<p><span style=\"box-sizing: border-box; color: #1c1d1c; font-family: montserrat; font-size: 13px;\"><span style=\"box-sizing: border-box;\"><span style=\"box-sizing: border-box;\"><span class=\"name\" style=\"box-sizing: border-box; margin: 0px; padding: 0px; border: 0px; font-weight: bold;\">M&eacute;ret</span><span style=\"box-sizing: border-box; background-color: #f5f5f5;\">: 3.5\"</span></span></span></span></p>\r\n<p><span style=\"box-sizing: border-box; color: #1c1d1c; font-family: montserrat; font-size: 13px;\"><span style=\"box-sizing: border-box;\"><span style=\"box-sizing: border-box;\"><span style=\"box-sizing: border-box; background-color: #f5f5f5;\"><span class=\"name\" style=\"margin: 0px; padding: 0px; border: 0px; font-weight: bold;\">Csatol&oacute;fel&uuml;let</span><span style=\"background-color: #ffffff;\">: SATA, SATA III, SATA III (6Gb/s), SATA-III</span></span></span></span></span></p>', '7200rpm-es 3.5-ös HDD 2TB-os kapacitással.'),
(47, 5, 14, '2023-05-21 08:24:29', '22TB WD 3.5\" Red Pro SATA (WD221KFGX)', 'letöltés.png', 'driwd-221kfr.jpg', '761032-a9e97.png', 232390, 'HDD;3,5;7200rpm', '<p><span class=\"name\" style=\"box-sizing: border-box; color: #1c1d1c; font-family: montserrat; font-size: 13px; font-weight: bold; margin: 0px; padding: 0px; border: 0px;\">T&iacute;pus</span><span style=\"box-sizing: border-box; color: #1c1d1c; font-family: montserrat; font-size: 13px;\">: HDD</span></p>\r\n<p><span style=\"box-sizing: border-box; color: #1c1d1c; font-family: montserrat; font-size: 13px;\"><span class=\"name\" style=\"box-sizing: border-box; margin: 0px; padding: 0px; border: 0px; font-weight: bold;\">Fordulatsz&aacute;m (rpm)</span><span style=\"box-sizing: border-box;\">: 7200</span></span></p>\r\n<p><span style=\"box-sizing: border-box; color: #1c1d1c; font-family: montserrat; font-size: 13px;\"><span style=\"box-sizing: border-box;\"><span class=\"name\" style=\"box-sizing: border-box; margin: 0px; padding: 0px; border: 0px; font-weight: bold;\">Merevlemez kapacit&aacute;sa</span><span style=\"box-sizing: border-box;\">: 22TB</span></span></span></p>\r\n<p><span style=\"box-sizing: border-box; color: #1c1d1c; font-family: montserrat; font-size: 13px;\"><span style=\"box-sizing: border-box;\"><span style=\"box-sizing: border-box;\"><span class=\"name\" style=\"box-sizing: border-box; margin: 0px; padding: 0px; border: 0px; font-weight: bold;\">M&eacute;ret</span><span style=\"box-sizing: border-box; background-color: #f5f5f5;\">: 3.5\"</span></span></span></span></p>\r\n<p><span style=\"box-sizing: border-box; color: #1c1d1c; font-family: montserrat; font-size: 13px;\"><span style=\"box-sizing: border-box;\"><span style=\"box-sizing: border-box;\"><span style=\"box-sizing: border-box; background-color: #f5f5f5;\"><span class=\"name\" style=\"margin: 0px; padding: 0px; border: 0px; font-weight: bold;\">Csatol&oacute;fel&uuml;let</span><span style=\"background-color: #ffffff;\">: SATA3</span></span></span></span></span></p>', '7200rpm-es 3.5-ös HDD 22TB-os kapacitással.'),
(48, 5, 14, '2023-05-21 08:25:06', 'Western Digital 3,5 2TB SATAIII 5400RPM PURPLE WD22PURZ', 'letöltés.jfif', '2TB-WD-3-5-Purple-64MB-cache-winchester-WD20PURX.jpg', '', 21490, 'HDD;3,5;5400rpm', '<p><span class=\"name\" style=\"box-sizing: border-box; color: #1c1d1c; font-family: montserrat; font-size: 13px; font-weight: bold; margin: 0px; padding: 0px; border: 0px;\">T&iacute;pus</span><span style=\"box-sizing: border-box; color: #1c1d1c; font-family: montserrat; font-size: 13px;\">: HDD</span></p>\r\n<p><span style=\"box-sizing: border-box; color: #1c1d1c; font-family: montserrat; font-size: 13px;\"><span class=\"name\" style=\"box-sizing: border-box; margin: 0px; padding: 0px; border: 0px; font-weight: bold;\">Fordulatsz&aacute;m (rpm)</span><span style=\"box-sizing: border-box;\">: 5400</span></span></p>\r\n<p><span style=\"box-sizing: border-box; color: #1c1d1c; font-family: montserrat; font-size: 13px;\"><span style=\"box-sizing: border-box;\"><span class=\"name\" style=\"box-sizing: border-box; margin: 0px; padding: 0px; border: 0px; font-weight: bold;\">Merevlemez kapacit&aacute;sa</span><span style=\"box-sizing: border-box;\">: 2TB</span></span></span></p>\r\n<p><span style=\"box-sizing: border-box; color: #1c1d1c; font-family: montserrat; font-size: 13px;\"><span style=\"box-sizing: border-box;\"><span style=\"box-sizing: border-box;\"><span class=\"name\" style=\"box-sizing: border-box; margin: 0px; padding: 0px; border: 0px; font-weight: bold;\">M&eacute;ret</span><span style=\"box-sizing: border-box; background-color: #f5f5f5;\">: 3.5\"</span></span></span></span></p>\r\n<p><span style=\"box-sizing: border-box; color: #1c1d1c; font-family: montserrat; font-size: 13px;\"><span style=\"box-sizing: border-box;\"><span style=\"box-sizing: border-box;\"><span style=\"box-sizing: border-box; background-color: #f5f5f5;\"><span class=\"name\" style=\"margin: 0px; padding: 0px; border: 0px; font-weight: bold;\">Csatol&oacute;fel&uuml;let</span><span style=\"background-color: #ffffff;\">: SATA, SATA III, SATA III (6Gb/s), SATA3</span></span></span></span></span></p>', '5400rpm-es 3.5-ös HDD 2TB-os kapacitással.'),
(49, 5, 13, '2023-05-21 08:27:37', 'Seagate Exos E - 7E10 6TB (ST6000NM019B)', 'eb0730b9-9d90-46c4-ad0c-30f8465c6a58.jpg', 'res_ddd5811732a9b646334a9bd3dd4423c7.png', 'Seagate-ST10000NM017B-30247737-01.jpg', 78190, 'HDD;3,5;7200rpm', '<p><span class=\"name\" style=\"box-sizing: border-box; color: #1c1d1c; font-family: montserrat; font-size: 13px; font-weight: bold; margin: 0px; padding: 0px; border: 0px;\">T&iacute;pus</span><span style=\"box-sizing: border-box; color: #1c1d1c; font-family: montserrat; font-size: 13px;\">: HDD</span></p>\r\n<p><span style=\"box-sizing: border-box; color: #1c1d1c; font-family: montserrat; font-size: 13px;\"><span class=\"name\" style=\"box-sizing: border-box; margin: 0px; padding: 0px; border: 0px; font-weight: bold;\">Fordulatsz&aacute;m (rpm)</span><span style=\"box-sizing: border-box;\">: 7200</span></span></p>\r\n<p><span style=\"box-sizing: border-box; color: #1c1d1c; font-family: montserrat; font-size: 13px;\"><span style=\"box-sizing: border-box;\"><span class=\"name\" style=\"box-sizing: border-box; margin: 0px; padding: 0px; border: 0px; font-weight: bold;\">Merevlemez kapacit&aacute;sa</span><span style=\"box-sizing: border-box;\">: 6TB</span></span></span></p>\r\n<p><span style=\"box-sizing: border-box; color: #1c1d1c; font-family: montserrat; font-size: 13px;\"><span style=\"box-sizing: border-box;\"><span style=\"box-sizing: border-box;\"><span class=\"name\" style=\"box-sizing: border-box; margin: 0px; padding: 0px; border: 0px; font-weight: bold;\">M&eacute;ret</span><span style=\"box-sizing: border-box; background-color: #f5f5f5;\">: 3.5\"</span></span></span></span></p>\r\n<p><span style=\"box-sizing: border-box; color: #1c1d1c; font-family: montserrat; font-size: 13px;\"><span style=\"box-sizing: border-box;\"><span style=\"box-sizing: border-box;\"><span style=\"box-sizing: border-box; background-color: #f5f5f5;\"><span class=\"name\" style=\"margin: 0px; padding: 0px; border: 0px; font-weight: bold;\">Csatol&oacute;fel&uuml;let</span>: SATA3</span></span></span></span></p>\r\n<p>&nbsp;</p>', '7200rpm-es 3.5-ös HDD 6TB-os kapacitással.'),
(50, 9, 10, '2023-05-21 08:28:16', 'Kingston 480GB SATA3 2,5 (SA400S37480G)', 'kingston-480gb-25-sata3-a400-sa400s37480g.jpg', 'res_78b04a6604cca28cc8e09b6da7fea4f2.png', '480gb-kingston-ssd-sata3-25-a400-meghajto-sa400s37480g-472624.jpg', 10390, 'SSD;2,5;SATA3', '<p><span class=\"name\" style=\"box-sizing: border-box; color: #1c1d1c; font-family: montserrat; font-size: 13px; font-weight: bold; margin: 0px; padding: 0px; border: 0px;\">T&iacute;pus</span><span style=\"box-sizing: border-box; color: #1c1d1c; font-family: montserrat; font-size: 13px;\">: SSD</span></p>\r\n<p><span style=\"box-sizing: border-box; color: #1c1d1c; font-family: montserrat; font-size: 13px;\"><span class=\"name\" style=\"margin: 0px; padding: 0px; border: 0px; font-weight: bold;\">Adat&iacute;r&aacute;si sebess&eacute;g (MB/s)</span>: 450 MB/s</span></p>\r\n<p><span style=\"box-sizing: border-box; color: #1c1d1c; font-family: montserrat; font-size: 13px;\"><span class=\"name\" style=\"margin: 0px; padding: 0px; border: 0px; font-weight: bold;\">Adatolvas&aacute;si sebess&eacute;g (MB/s)</span><span style=\"background-color: #f5f5f5;\">: 500 MB/s</span></span></p>\r\n<p><span style=\"box-sizing: border-box; color: #1c1d1c; font-family: montserrat; font-size: 13px;\"><span class=\"name\" style=\"box-sizing: border-box; margin: 0px; padding: 0px; border: 0px; font-weight: bold;\">M&eacute;ret</span><span style=\"box-sizing: border-box; background-color: #f5f5f5;\">: 2.5\"</span></span></p>\r\n<p><span style=\"box-sizing: border-box; color: #1c1d1c; font-family: montserrat; font-size: 13px;\"><span style=\"box-sizing: border-box; background-color: #f5f5f5;\"><span class=\"name\" style=\"box-sizing: border-box; background-color: #ffffff; margin: 0px; padding: 0px; border: 0px; font-weight: bold;\">Merevlemez kapacit&aacute;sa</span><span style=\"box-sizing: border-box; background-color: #ffffff;\">: 480 GB</span></span></span></p>\r\n<p><span style=\"box-sizing: border-box; color: #1c1d1c; font-family: montserrat; font-size: 13px;\"><span style=\"box-sizing: border-box; background-color: #f5f5f5;\"><span style=\"box-sizing: border-box; background-color: #ffffff;\"><span class=\"name\" style=\"margin: 0px; padding: 0px; border: 0px; font-weight: bold;\">Csatol&oacute;fel&uuml;let</span><span style=\"background-color: #f5f5f5;\">: SATA III, SATA III (6Gb/s), SATA3.0, Serial ATA III</span></span></span></span></p>', '2.5-ös SSD mely 480GB kapacitással rendelkezik.'),
(51, 9, 15, '2023-05-21 08:29:02', 'SAMSUNG 980 PCIe 3.0 NVMe M.2 500GB MZ-V8V500BW', '1608076_samsung_500gb_980_m2_pcie_m2_2280_mz_v8v500bw.png', 'SAMSUNG-980-PCIe-3.png', '793569480.samsung-980-500gb-m-2-pcie-mz-v8v500bw.jpg', 14489, 'SSD;M.2', '<p><span class=\"name\" style=\"box-sizing: border-box; color: #1c1d1c; font-family: montserrat; font-size: 13px; font-weight: bold; margin: 0px; padding: 0px; border: 0px;\">T&iacute;pus</span><span style=\"box-sizing: border-box; color: #1c1d1c; font-family: montserrat; font-size: 13px;\">: SSD</span></p>\r\n<p><span style=\"box-sizing: border-box; color: #1c1d1c; font-family: montserrat; font-size: 13px;\"><span class=\"name\" style=\"margin: 0px; padding: 0px; border: 0px; font-weight: bold;\">Adat&iacute;r&aacute;si sebess&eacute;g (MB/s)</span><span style=\"background-color: #f5f5f5;\">: 2600</span></span></p>\r\n<p><span style=\"box-sizing: border-box; color: #1c1d1c; font-family: montserrat; font-size: 13px;\"><span class=\"name\" style=\"margin: 0px; padding: 0px; border: 0px; font-weight: bold;\">Adatolvas&aacute;si sebess&eacute;g (MB/s)</span>: 3100</span></p>\r\n<p><span style=\"box-sizing: border-box; color: #1c1d1c; font-family: montserrat; font-size: 13px;\"><span class=\"name\" style=\"box-sizing: border-box; margin: 0px; padding: 0px; border: 0px; font-weight: bold;\">Merevlemez kapacit&aacute;sa</span><span style=\"box-sizing: border-box;\">: 500 GB</span></span></p>\r\n<p><span style=\"box-sizing: border-box; color: #1c1d1c; font-family: montserrat; font-size: 13px;\"><span class=\"name\" style=\"margin: 0px; padding: 0px; border: 0px; font-weight: bold;\">Csatol&oacute;fel&uuml;let</span>: M.2 NVMe, M.2 PCI-E, NVMe</span></p>', 'M.2-es PCI-e SSD, mely 500GB kapacitással rendelkezik.'),
(52, 9, 15, '2023-05-21 08:29:29', 'Samsung 250GB SATA3 2,5 870 EVO (MZ-77E250BEU)', 'samsung-250gb-sata3-2-5-870-evo-mz-77e250b-eu-ssd.png', 'Samsung-81609700-hu-870-evo-sata-3-2-5-ssd-mz-77e250b-eu-367117299Download-Source-zoom.png', '', 13291, 'SSD;2,5;SATA3', '<p><span class=\"name\" style=\"box-sizing: border-box; color: #1c1d1c; font-family: montserrat; font-size: 13px; font-weight: bold; margin: 0px; padding: 0px; border: 0px;\">T&iacute;pus</span><span style=\"box-sizing: border-box; color: #1c1d1c; font-family: montserrat; font-size: 13px;\">: SSD</span></p>\r\n<p><span style=\"box-sizing: border-box; color: #1c1d1c; font-family: montserrat; font-size: 13px;\"><span class=\"name\" style=\"margin: 0px; padding: 0px; border: 0px; font-weight: bold;\">Adat&iacute;r&aacute;si sebess&eacute;g (MB/s)</span><span style=\"background-color: #f5f5f5;\">: 530</span></span></p>\r\n<p><span style=\"box-sizing: border-box; color: #1c1d1c; font-family: montserrat; font-size: 13px;\"><span class=\"name\" style=\"margin: 0px; padding: 0px; border: 0px; font-weight: bold;\">Adatolvas&aacute;si sebess&eacute;g (MB/s)</span>: 560</span></p>\r\n<p><span style=\"box-sizing: border-box; color: #1c1d1c; font-family: montserrat; font-size: 13px;\"><span class=\"name\" style=\"box-sizing: border-box; margin: 0px; padding: 0px; border: 0px; font-weight: bold;\">M&eacute;ret</span><span style=\"box-sizing: border-box; background-color: #f5f5f5;\">: 2.5\"</span></span></p>\r\n<p><span style=\"box-sizing: border-box; color: #1c1d1c; font-family: montserrat; font-size: 13px;\"><span style=\"box-sizing: border-box; background-color: #f5f5f5;\"><span class=\"name\" style=\"box-sizing: border-box; background-color: #ffffff; margin: 0px; padding: 0px; border: 0px; font-weight: bold;\">Merevlemez kapacit&aacute;sa</span><span style=\"box-sizing: border-box; background-color: #ffffff;\">: 250 GB</span></span></span></p>\r\n<p><span style=\"box-sizing: border-box; color: #1c1d1c; font-family: montserrat; font-size: 13px;\"><span style=\"box-sizing: border-box; background-color: #f5f5f5;\"><span style=\"box-sizing: border-box; background-color: #ffffff;\"><span class=\"name\" style=\"margin: 0px; padding: 0px; border: 0px; font-weight: bold;\">Csatol&oacute;fel&uuml;let</span><span style=\"background-color: #f5f5f5;\">: SATA III, SATA III (6Gb/s), Serial ATA III</span></span></span></span></p>', '2.5-ös SSD, mely 250GB kapacitással rendelkezik.'),
(53, 9, 10, '2023-05-21 08:30:19', 'Kingston 1TB M.2 NVMe 2280 Fury Renegade (SFYRS1000G)', '1tb-kingston-ssd-m2-fury-renegade-meghajto-sfyrs1000g-1229986.png', '1tb-kingston-ssd-m2-fury-renegade-meghajto-sfyrs1000g-1229988.png', 'kingston-1tb-m2-nvme-2280-fury-renegade-sfyrs1000g-ssd.jpg', 34091, 'SSD;M.2', '<p><span class=\"name\" style=\"box-sizing: border-box; color: #1c1d1c; font-family: montserrat; font-size: 13px; font-weight: bold; margin: 0px; padding: 0px; border: 0px;\">T&iacute;pus</span><span style=\"box-sizing: border-box; color: #1c1d1c; font-family: montserrat; font-size: 13px;\">: SSD</span></p>\r\n<p><span style=\"box-sizing: border-box; color: #1c1d1c; font-family: montserrat; font-size: 13px;\"><span class=\"name\" style=\"margin: 0px; padding: 0px; border: 0px; font-weight: bold;\">Adat&iacute;r&aacute;si sebess&eacute;g (MB/s)</span><span style=\"background-color: #f5f5f5;\">: 6000 MB/s</span></span></p>\r\n<p><span style=\"box-sizing: border-box; color: #1c1d1c; font-family: montserrat; font-size: 13px;\"><span class=\"name\" style=\"margin: 0px; padding: 0px; border: 0px; font-weight: bold;\">Adatolvas&aacute;si sebess&eacute;g (MB/s)</span>: 7300 MB/s</span></p>\r\n<p><span style=\"box-sizing: border-box; color: #1c1d1c; font-family: montserrat; font-size: 13px;\"><span class=\"name\" style=\"box-sizing: border-box; margin: 0px; padding: 0px; border: 0px; font-weight: bold;\">Merevlemez kapacit&aacute;sa</span><span style=\"box-sizing: border-box;\">: 1 TB</span></span></p>\r\n<p><span style=\"box-sizing: border-box; color: #1c1d1c; font-family: montserrat; font-size: 13px;\"><span class=\"name\" style=\"margin: 0px; padding: 0px; border: 0px; font-weight: bold;\">Csatol&oacute;fel&uuml;let</span><span style=\"background-color: #f5f5f5;\">: M.2 NVMe, M.2 SATA</span></span></p>', 'M.2-es NVMe SSD, mely 1TB kapacitással rendelkezik.'),
(54, 8, 7, '2023-05-21 08:31:58', 'Thermaltake Divider 500 TG Air Snow fehér CA-1T4-00M6WN-02', '875120115.thermaltake-divider-500-tg-air-snow-ca-1t4-00m6wn-02.jpg', 'res_0f6a21cea6036307fe8324fc848e1a20.jfif', 'JTCAS001594.jpg', 55990, '360;155;Micro-ATX;Mini-ATX;ATX', '<p><span class=\"name\" style=\"margin: 0px; padding: 0px; border: 0px; font-weight: bold; color: #1c1d1c; font-family: montserrat; font-size: 13px;\">Form&aacute;tum</span><span style=\"color: #1c1d1c; font-family: montserrat; font-size: 13px;\">: ATX, Micro-ATX, Mini-ITX</span></p>\r\n<p><span class=\"name\" style=\"margin: 0px; padding: 0px; border: 0px; font-weight: bold; color: #1c1d1c; font-family: montserrat; font-size: 13px;\">Magass&aacute;g (mm)</span><span style=\"color: #1c1d1c; font-family: montserrat; font-size: 13px; background-color: #f5f5f5;\">: 530</span></p>\r\n<p><span class=\"name\" style=\"margin: 0px; padding: 0px; border: 0px; font-weight: bold; color: #1c1d1c; font-family: montserrat; font-size: 13px;\">M&eacute;lys&eacute;g (mm)</span><span style=\"color: #1c1d1c; font-family: montserrat; font-size: 13px;\">: 466</span></p>\r\n<p><span class=\"name\" style=\"margin: 0px; padding: 0px; border: 0px; font-weight: bold; color: #1c1d1c; font-family: montserrat; font-size: 13px;\">Sz&eacute;less&eacute;g (mm)</span><span style=\"color: #1c1d1c; font-family: montserrat; font-size: 13px; background-color: #f5f5f5;\">: 230</span></p>\r\n<p><span class=\"name\" style=\"margin: 0px; padding: 0px; border: 0px; font-weight: bold; color: #1c1d1c; font-family: montserrat; font-size: 13px;\">Sz&iacute;n</span><span style=\"color: #1c1d1c; font-family: montserrat; font-size: 13px;\">: Feh&eacute;r</span></p>\r\n<p><span class=\"name\" style=\"margin: 0px; padding: 0px; border: 0px; font-weight: bold; color: #1c1d1c; font-family: montserrat; font-size: 13px;\">2,5\" hely</span><span style=\"color: #1c1d1c; font-family: montserrat; font-size: 13px; background-color: #f5f5f5;\">: 5</span></p>\r\n<p><span class=\"name\" style=\"margin: 0px; padding: 0px; border: 0px; font-weight: bold; color: #1c1d1c; font-family: montserrat; font-size: 13px;\">3,5\" hely</span><span style=\"color: #1c1d1c; font-family: montserrat; font-size: 13px;\">: 2</span></p>\r\n<p><span class=\"name\" style=\"margin: 0px; padding: 0px; border: 0px; font-weight: bold; color: #1c1d1c; font-family: montserrat; font-size: 13px;\">Be&eacute;p&iacute;thető processzor hűtő magass&aacute;g (mm)</span><span style=\"color: #1c1d1c; font-family: montserrat; font-size: 13px;\">: 155</span></p>\r\n<p><span class=\"name\" style=\"margin: 0px; padding: 0px; border: 0px; font-weight: bold; color: #1c1d1c; font-family: montserrat; font-size: 13px;\">Be&eacute;p&iacute;thető VGA hossz (mm)</span><span style=\"color: #1c1d1c; font-family: montserrat; font-size: 13px; background-color: #f5f5f5;\">: 360</span></p>\r\n<p><span class=\"name\" style=\"margin: 0px; padding: 0px; border: 0px; font-weight: bold; color: #1c1d1c; font-family: montserrat; font-size: 13px;\">USB 3.0</span><span style=\"color: #1c1d1c; font-family: montserrat; font-size: 13px;\">: 2</span></p>\r\n<p><span class=\"name\" style=\"margin: 0px; padding: 0px; border: 0px; font-weight: bold; color: #1c1d1c; font-family: montserrat; font-size: 13px;\">USB Type-C</span><span style=\"color: #1c1d1c; font-family: montserrat; font-size: 13px; background-color: #f5f5f5;\">: 1</span></p>\r\n<p><span class=\"name\" style=\"margin: 0px; padding: 0px; border: 0px; font-weight: bold; color: #1c1d1c; font-family: montserrat; font-size: 13px;\">Ventil&aacute;tor hely (120mm)</span><span style=\"color: #1c1d1c; font-family: montserrat; font-size: 13px;\">: 8</span></p>\r\n<p><span class=\"name\" style=\"margin: 0px; padding: 0px; border: 0px; font-weight: bold; color: #1c1d1c; font-family: montserrat; font-size: 13px;\">Ventil&aacute;tor hely (140mm</span><span class=\"name\" style=\"margin: 0px; padding: 0px; border: 0px; font-weight: bold; color: #1c1d1c; font-family: montserrat; font-size: 13px;\">)</span><span style=\"color: #1c1d1c; font-family: montserrat; font-size: 13px; background-color: #f5f5f5;\">: 5</span></p>', 'ATX méretű gépház, melybe maximum 360mm hosszú videókártya építhető illetve maximum 155mm magas lég hűtő. Van benne 2.5 helyből 5 és 3.5 helyből 2.'),
(55, 8, 16, '2023-05-21 08:33:09', 'DeepCool CC560 (R-CC560-BKGAA4-G-1)', '1849359_deepcool-cc560-fekete.png', '1849371_deepcool-cc560-fekete.png', '1849367_deepcool-cc560-fekete.png', 21590, '370;163;Micro-ATX;Mini-ATX;ATX', '<p><span class=\"name\" style=\"box-sizing: border-box; margin: 0px; padding: 0px; border: 0px; font-weight: bold; color: #1c1d1c; font-family: montserrat; font-size: 13px;\">Form&aacute;tum</span><span style=\"box-sizing: border-box; color: #1c1d1c; font-family: montserrat; font-size: 13px;\">: ATX, Micro-ATX, Mini-ITX</span></p>\r\n<p><span style=\"box-sizing: border-box; color: #1c1d1c; font-family: montserrat; font-size: 13px;\"><span class=\"name\" style=\"margin: 0px; padding: 0px; border: 0px; font-weight: bold;\">Magass&aacute;g (mm)</span><span style=\"background-color: #f5f5f5;\">: 477 mm</span></span></p>\r\n<p><span style=\"box-sizing: border-box; color: #1c1d1c; font-family: montserrat; font-size: 13px;\"><span class=\"name\" style=\"margin: 0px; padding: 0px; border: 0px; font-weight: bold;\">M&eacute;lys&eacute;g (mm)</span>: 416 mm</span></p>\r\n<p><span style=\"box-sizing: border-box; color: #1c1d1c; font-family: montserrat; font-size: 13px;\"><span class=\"name\" style=\"margin: 0px; padding: 0px; border: 0px; font-weight: bold;\">Sz&eacute;less&eacute;g (mm)</span><span style=\"background-color: #f5f5f5;\">: 210 mm</span></span></p>\r\n<p><span style=\"box-sizing: border-box; color: #1c1d1c; font-family: montserrat; font-size: 13px;\"><span class=\"name\" style=\"margin: 0px; padding: 0px; border: 0px; font-weight: bold;\">Sz&iacute;n</span>: Fekete</span></p>\r\n<p><span style=\"box-sizing: border-box; color: #1c1d1c; font-family: montserrat; font-size: 13px;\"><span class=\"name\" style=\"margin: 0px; padding: 0px; border: 0px; font-weight: bold;\">2,5\" hely</span><span style=\"background-color: #f5f5f5;\">: 3</span></span></p>\r\n<p><span style=\"box-sizing: border-box; color: #1c1d1c; font-family: montserrat; font-size: 13px;\"><span class=\"name\" style=\"margin: 0px; padding: 0px; border: 0px; font-weight: bold;\">3,5\" hely</span>: 2</span></p>\r\n<p><span style=\"box-sizing: border-box; color: #1c1d1c; font-family: montserrat; font-size: 13px;\"><span class=\"name\" style=\"margin: 0px; padding: 0px; border: 0px; font-weight: bold;\">Be&eacute;p&iacute;thető processzor hűtő magass&aacute;g (mm)</span>: 163</span></p>\r\n<p><span style=\"box-sizing: border-box; color: #1c1d1c; font-family: montserrat; font-size: 13px;\"><span class=\"name\" style=\"margin: 0px; padding: 0px; border: 0px; font-weight: bold;\">Be&eacute;p&iacute;thető VGA hossz (mm)</span><span style=\"background-color: #f5f5f5;\">: 370</span></span></p>\r\n<p><span style=\"box-sizing: border-box; color: #1c1d1c; font-family: montserrat; font-size: 13px;\"><span class=\"name\" style=\"margin: 0px; padding: 0px; border: 0px; font-weight: bold;\">USB 2.0</span>: 1</span></p>\r\n<p><span style=\"box-sizing: border-box; color: #1c1d1c; font-family: montserrat; font-size: 13px;\"><span class=\"name\" style=\"margin: 0px; padding: 0px; border: 0px; font-weight: bold;\">USB 3.0 csatlakoz&oacute; sz&aacute;m</span><span style=\"background-color: #f5f5f5;\">: 1</span></span></p>\r\n<p><span style=\"box-sizing: border-box; color: #1c1d1c; font-family: montserrat; font-size: 13px;\"><span class=\"name\" style=\"margin: 0px; padding: 0px; border: 0px; font-weight: bold;\">USB 3.2</span>: 1</span></p>\r\n<p><span style=\"box-sizing: border-box; color: #1c1d1c; font-family: montserrat; font-size: 13px;\"><span class=\"name\" style=\"margin: 0px; padding: 0px; border: 0px; font-weight: bold;\">Ventil&aacute;tor helyek sz&aacute;ma</span><span style=\"background-color: #f5f5f5;\">: 6</span></span></p>', 'ATX méretű gépház, melybe maximum 370mm hosszú videkóártya és 163mm magas léghűtő építhető be. 2.5 helyből van benne 3 és 3.5 helyből pedig 2 db.'),
(56, 8, 17, '2023-05-21 08:34:00', 'Be quiet! Silent Base 802 (BGW39)', 'res_93f72608e343dc46194f502ae427b7d8.png', 'res_a89c9044f8b477745126f35d0374643a.png', '009.jpg', 76590, '432;185;Micro-ATX;Mini-ATX;ATX;E-ATX', '<p><span class=\"name\" style=\"margin: 0px; padding: 0px; border: 0px; font-weight: bold; color: #1c1d1c; font-family: montserrat; font-size: 13px;\">Form&aacute;tum</span><span style=\"color: #1c1d1c; font-family: montserrat; font-size: 13px; background-color: #f5f5f5;\">: E-ATX, ATX, Micro-ATX, Mini-ITX</span></p>\n<p><span class=\"name\" style=\"box-sizing: border-box; margin: 0px; padding: 0px; border: 0px; font-weight: bold; color: #1c1d1c; font-family: montserrat; font-size: 13px;\">Sz&iacute;n</span><span style=\"box-sizing: border-box; color: #1c1d1c; font-family: montserrat; font-size: 13px;\">: Fekete</span></p>\n<p><span class=\"name\" style=\"margin: 0px; padding: 0px; border: 0px; font-weight: bold; color: #1c1d1c; font-family: montserrat; font-size: 13px;\">2,5\" hely</span><span style=\"color: #1c1d1c; font-family: montserrat; font-size: 13px; background-color: #f5f5f5;\">: 7</span></p>\n<p><span class=\"name\" style=\"margin: 0px; padding: 0px; border: 0px; font-weight: bold; color: #1c1d1c; font-family: montserrat; font-size: 13px;\">3,5\" hely</span><span style=\"color: #1c1d1c; font-family: montserrat; font-size: 13px; background-color: #f5f5f5;\">: 3</span></p>\n<p><span class=\"name\" style=\"margin: 0px; padding: 0px; border: 0px; font-weight: bold; color: #1c1d1c; font-family: montserrat; font-size: 13px;\">Be&eacute;p&iacute;thető processzor hűtő magass&aacute;g (mm)</span><span style=\"color: #1c1d1c; font-family: montserrat; font-size: 13px; background-color: #f5f5f5;\">: 185</span></p>\n<p><span class=\"name\" style=\"margin: 0px; padding: 0px; border: 0px; font-weight: bold; color: #1c1d1c; font-family: montserrat; font-size: 13px;\">Be&eacute;p&iacute;thető VGA hossz (mm)</span><span style=\"color: #1c1d1c; font-family: montserrat; font-size: 13px;\">: 432</span></p>\n<p><span class=\"name\" style=\"box-sizing: border-box; margin: 0px; padding: 0px; border: 0px; font-weight: bold; color: #1c1d1c; font-family: montserrat; font-size: 13px;\">USB 3.0</span><span style=\"box-sizing: border-box; color: #1c1d1c; font-family: montserrat; font-size: 13px;\">: 2</span></p>\n<p><span style=\"box-sizing: border-box; color: #1c1d1c; font-family: montserrat; font-size: 13px;\"><span class=\"name\" style=\"margin: 0px; padding: 0px; border: 0px; font-weight: bold;\">USB Type-C</span>: 1</span></p>\n<p><span style=\"box-sizing: border-box; color: #1c1d1c; font-family: montserrat; font-size: 13px;\"><span class=\"name\" style=\"margin: 0px; padding: 0px; border: 0px; font-weight: bold;\">Ventil&aacute;tor helyek sz&aacute;ma</span><span style=\"background-color: #f5f5f5;\">: 5</span></span></p>', 'E-ATX méretű gépház, melybe maximum 432mm hosszú videókártya és 185mm magas léghűtő fér bele. 2.5-ös helyből van benne 7 db és 3.5-ös helyből pedig 3.');
INSERT INTO `products` (`product_id`, `p_cat_id`, `cat_id`, `date`, `product_title`, `product_img1`, `product_img2`, `product_img3`, `product_price`, `product_keywords`, `product_desc`, `product_mini`) VALUES
(57, 8, 16, '2023-05-21 08:34:59', 'DeepCool Matrexx 30 (DP-MATX-MATREXX30)', 'exMATREXX_30.jpg', 'deepcool-matrexx-30-tap-nelkuli-ablakos-micro-atx-haz-fekete-dp-matx-matrexx30-778800.png', 'exMATREXX_30 (1).jpg', 13291, '250;151;Micro-ATX;Mini-ITX', '<p><span class=\"name\" style=\"margin: 0px; padding: 0px; border: 0px; font-weight: bold; color: #1c1d1c; font-family: montserrat; font-size: 13px;\">Form&aacute;tum</span><span style=\"color: #1c1d1c; font-family: montserrat; font-size: 13px;\">: Micro-ATX, Mini-ITX</span></p>\r\n<p><span style=\"box-sizing: border-box; color: #1c1d1c; font-family: montserrat; font-size: 13px;\"><span class=\"name\" style=\"margin: 0px; padding: 0px; border: 0px; font-weight: bold;\">Magass&aacute;g (mm)</span><span style=\"background-color: #f5f5f5;\">: 378.2 mm</span></span></p>\r\n<p><span style=\"box-sizing: border-box; color: #1c1d1c; font-family: montserrat; font-size: 13px;\"><span class=\"name\" style=\"margin: 0px; padding: 0px; border: 0px; font-weight: bold;\">M&eacute;lys&eacute;g (mm)</span><span style=\"background-color: #f5f5f5;\">: 405.8 mm</span></span></p>\r\n<p><span style=\"box-sizing: border-box; color: #1c1d1c; font-family: montserrat; font-size: 13px;\"><span class=\"name\" style=\"margin: 0px; padding: 0px; border: 0px; font-weight: bold;\">Sz&eacute;less&eacute;g (mm)</span><span style=\"background-color: #f5f5f5;\">: 193 mm</span></span></p>\r\n<p><span style=\"box-sizing: border-box; color: #1c1d1c; font-family: montserrat; font-size: 13px;\"><span class=\"name\" style=\"margin: 0px; padding: 0px; border: 0px; font-weight: bold;\">Sz&iacute;n</span>: Fekete</span></p>\r\n<p><span style=\"box-sizing: border-box; color: #1c1d1c; font-family: montserrat; font-size: 13px;\"><span class=\"name\" style=\"margin: 0px; padding: 0px; border: 0px; font-weight: bold;\">2,5\" hely</span>: 2</span></p>\r\n<p><span style=\"box-sizing: border-box; color: #1c1d1c; font-family: montserrat; font-size: 13px;\"><span class=\"name\" style=\"margin: 0px; padding: 0px; border: 0px; font-weight: bold;\">3,5\" hely</span><span style=\"background-color: #f5f5f5;\">: 3</span></span></p>\r\n<p><span style=\"box-sizing: border-box; color: #1c1d1c; font-family: montserrat; font-size: 13px;\"><span class=\"name\" style=\"margin: 0px; padding: 0px; border: 0px; font-weight: bold;\">5,25\" hely</span>: 1</span></p>\r\n<p><span style=\"box-sizing: border-box; color: #1c1d1c; font-family: montserrat; font-size: 13px;\"><span class=\"name\" style=\"margin: 0px; padding: 0px; border: 0px; font-weight: bold;\">Be&eacute;p&iacute;thető processzor hűtő magass&aacute;g (mm)</span>: 151</span></p>\r\n<p><span style=\"box-sizing: border-box; color: #1c1d1c; font-family: montserrat; font-size: 13px;\"><span class=\"name\" style=\"margin: 0px; padding: 0px; border: 0px; font-weight: bold;\">Be&eacute;p&iacute;thető VGA hossz (mm)</span><span style=\"background-color: #f5f5f5;\">: 250</span></span></p>\r\n<p><span style=\"box-sizing: border-box; color: #1c1d1c; font-family: montserrat; font-size: 13px;\"><span class=\"name\" style=\"margin: 0px; padding: 0px; border: 0px; font-weight: bold;\">USB 2.0</span>: 1</span></p>\r\n<p><span style=\"box-sizing: border-box; color: #1c1d1c; font-family: montserrat; font-size: 13px;\"><span class=\"name\" style=\"margin: 0px; padding: 0px; border: 0px; font-weight: bold;\"><span class=\"name\" style=\"margin: 0px; padding: 0px; border: 0px;\">USB3.0</span><span style=\"font-weight: 300;\">: 1</span></span></span></p>\r\n<p><span style=\"box-sizing: border-box; color: #1c1d1c; font-family: montserrat; font-size: 13px;\"><span class=\"name\" style=\"margin: 0px; padding: 0px; border: 0px; font-weight: bold;\"><span class=\"name\" style=\"margin: 0px; padding: 0px; border: 0px;\">Ventil&aacute;tor hely (120mm)</span><span style=\"font-weight: 300; background-color: #f5f5f5;\">: 1</span></span></span></p>\r\n<p><span style=\"box-sizing: border-box; color: #1c1d1c; font-family: montserrat; font-size: 13px;\"><span class=\"name\" style=\"margin: 0px; padding: 0px; border: 0px; font-weight: bold;\"><span class=\"name\" style=\"margin: 0px; padding: 0px; border: 0px;\">Ventil&aacute;tor helyek sz&aacute;ma</span><span style=\"font-weight: 300;\">: 2</span></span></span></p>\r\n<p>&nbsp;</p>', 'Micro-ATX méretű gépház, melybe maximum 250mm hosszú videkártya és 151mm magas léghűtő fér bele. 2.5-ös helyből van benne 2 db és 3.5-ösből pedig 3.'),
(58, 8, 18, '2023-05-21 08:35:54', 'Cooler Master MasterBox K500 (MCB-K500D-KGNN-S02)', '701618631.cooler-master-midi-masterbox-k500-argb-mcb-k500d-kgnn-s02.jpg', 'MCB-K500D-KGNN-S02.jpg', 'res_d1f57dea9fefbbb991a7ff30daa976a2.jpg', 48691, '400;163;Micro-ATX;Mini-ITX;ATX', '<p><span class=\"name\" style=\"margin: 0px; padding: 0px; border: 0px; font-weight: bold; color: #1c1d1c; font-family: montserrat; font-size: 13px;\">Form&aacute;tum</span><span style=\"color: #1c1d1c; font-family: montserrat; font-size: 13px; background-color: #f5f5f5;\">: ATX, Micro-ATX, Mini-ITX</span></p>\r\n<p><span class=\"name\" style=\"margin: 0px; padding: 0px; border: 0px; font-weight: bold; color: #1c1d1c; font-family: montserrat; font-size: 13px;\">Magass&aacute;g (mm)</span><span style=\"color: #1c1d1c; font-family: montserrat; font-size: 13px;\">: 455</span></p>\r\n<p><span class=\"name\" style=\"margin: 0px; padding: 0px; border: 0px; font-weight: bold; color: #1c1d1c; font-family: montserrat; font-size: 13px;\">M&eacute;lys&eacute;g (mm)</span><span style=\"color: #1c1d1c; font-family: montserrat; font-size: 13px; background-color: #f5f5f5;\">: 491</span></p>\r\n<p><span class=\"name\" style=\"margin: 0px; padding: 0px; border: 0px; font-weight: bold; color: #1c1d1c; font-family: montserrat; font-size: 13px;\">Sz&eacute;less&eacute;g (mm)</span><span style=\"color: #1c1d1c; font-family: montserrat; font-size: 13px; background-color: #f5f5f5;\">: 211</span></p>\r\n<p><span class=\"name\" style=\"box-sizing: border-box; margin: 0px; padding: 0px; border: 0px; font-weight: bold; color: #1c1d1c; font-family: montserrat; font-size: 13px;\">Sz&iacute;n</span><span style=\"box-sizing: border-box; color: #1c1d1c; font-family: montserrat; font-size: 13px;\">: Fekete</span></p>\r\n<p><span class=\"name\" style=\"margin: 0px; padding: 0px; border: 0px; font-weight: bold; color: #1c1d1c; font-family: montserrat; font-size: 13px;\">2,5\" hely</span><span style=\"color: #1c1d1c; font-family: montserrat; font-size: 13px; background-color: #f5f5f5;\">: 6</span></p>\r\n<p><span class=\"name\" style=\"margin: 0px; padding: 0px; border: 0px; font-weight: bold; color: #1c1d1c; font-family: montserrat; font-size: 13px;\">3,5\" hely</span><span style=\"color: #1c1d1c; font-family: montserrat; font-size: 13px;\">: 2</span></p>\r\n<p><span class=\"name\" style=\"margin: 0px; padding: 0px; border: 0px; font-weight: bold; color: #1c1d1c; font-family: montserrat; font-size: 13px;\">Be&eacute;p&iacute;thető processzor hűtő magass&aacute;g (mm)</span><span style=\"color: #1c1d1c; font-family: montserrat; font-size: 13px;\">: 163</span></p>\r\n<p><span class=\"name\" style=\"margin: 0px; padding: 0px; border: 0px; font-weight: bold; color: #1c1d1c; font-family: montserrat; font-size: 13px;\">Be&eacute;p&iacute;thető VGA hossz (mm)</span><span style=\"color: #1c1d1c; font-family: montserrat; font-size: 13px; background-color: #f5f5f5;\">: 400</span></p>\r\n<p><span class=\"name\" style=\"margin: 0px; padding: 0px; border: 0px; font-weight: bold; color: #1c1d1c; font-family: montserrat; font-size: 13px;\">USB 3.2</span><span style=\"color: #1c1d1c; font-family: montserrat; font-size: 13px;\">: 2</span></p>', 'ATX méretű gépház, melybe maximum 400mm hosszú videókártya és 163mm magas léghűtő fér bele. 2.5-ös helyből van benne 6 db, és 3.5-ösből pedig 2.'),
(59, 7, 17, '2023-05-21 08:39:02', 'Be quiet! Dark Rock Pro 4 (BK022)', 'be-quiet-dark-rock-pro-4-univerzalis-cpu-huto-bk022-587343.png', '001.jpg', '021.jpg', 36190, '162,8;AMD_AM4;AMD_AM5; Intel_1150;Intel_1151;Intel_1155;Intel_1156;Intel_1200;Intel_1700;Intel_2011;Intel_2011-1;Intel_2011-3;Intel_2066', '<p><span class=\"name\" style=\"margin: 0px; padding: 0px; border: 0px; font-weight: bold; color: #1c1d1c; font-family: montserrat; font-size: 13px;\"><span class=\"name\" style=\"margin: 0px; padding: 0px; border: 0px;\">Hűt&eacute;s t&iacute;pus</span><span style=\"font-weight: 300; background-color: #f5f5f5;\">: Levegő</span></span></p>\n<p><span class=\"name\" style=\"margin: 0px; padding: 0px; border: 0px; font-weight: bold; color: #1c1d1c; font-family: montserrat; font-size: 13px;\">Magass&aacute;g (mm)</span><span style=\"color: #1c1d1c; font-family: montserrat; font-size: 13px;\">: 162.8 mm</span></p>\n<p><span class=\"name\" style=\"margin: 0px; padding: 0px; border: 0px; font-weight: bold; color: #1c1d1c; font-family: montserrat; font-size: 13px;\">M&eacute;lys&eacute;g (mm)</span><span style=\"color: #1c1d1c; font-family: montserrat; font-size: 13px; background-color: #f5f5f5;\">: 145.7 mm</span></p>\n<p><span class=\"name\" style=\"margin: 0px; padding: 0px; border: 0px; font-weight: bold; color: #1c1d1c; font-family: montserrat; font-size: 13px;\">Sz&eacute;less&eacute;g (mm)</span><span style=\"color: #1c1d1c; font-family: montserrat; font-size: 13px;\">: 136 mm</span></p>\n<p><span class=\"name\" style=\"margin: 0px; padding: 0px; border: 0px; font-weight: bold; color: #1c1d1c; font-family: montserrat; font-size: 13px;\">Zajszint (dB)</span><span style=\"color: #1c1d1c; font-family: montserrat; font-size: 13px;\">: 24.3 dBA</span></p>\n<p><span class=\"name\" style=\"margin: 0px; padding: 0px; border: 0px; font-weight: bold; color: #1c1d1c; font-family: montserrat; font-size: 13px;\">Processzor foglalat</span><span style=\"color: #1c1d1c; font-family: montserrat; font-size: 13px;\">: AMD AM4, AMD AM5, Intel 1150, Intel 1151, Intel 1155, Intel 1156, Intel 1200, Intel 1700, Intel 2011, Intel 2011-1, Intel 2011-3, Intel 2066</span></p>', '162.8mm magas léghűtő, melynek maximális zajszintje 24.3 dB.'),
(60, 7, 19, '2023-05-21 08:38:52', 'Jonsbo CR-2000 GT (CR-2000GT)', '701628033.cooltek-cr-2000gt.jpg', '20200717131416-CPJB008-5.jpg', 'image.jpg', 19790, '134;AMD_AM2;AMD_AM2+;AMD_AM3;AMD_AM3+;AMD_AM4;AMD_FM1;AMD_FM2;AMD_FM2+;Intel_1150;Intel_1151;Intel_1155;Intel_1156;Intel_1200;Intel_775', '<p><span class=\"name\" style=\"margin: 0px; padding: 0px; border: 0px; font-weight: bold; color: #1c1d1c; font-family: montserrat; font-size: 13px;\"><span class=\"name\" style=\"box-sizing: border-box; margin: 0px; padding: 0px; border: 0px;\">Hűt&eacute;s t&iacute;pus</span><span style=\"box-sizing: border-box; background-color: #f5f5f5;\">: Levegő</span></span></p>\n<p><span class=\"name\" style=\"margin: 0px; padding: 0px; border: 0px; font-weight: bold; color: #1c1d1c; font-family: montserrat; font-size: 13px;\"><span class=\"name\" style=\"margin: 0px; padding: 0px; border: 0px;\">Magass&aacute;g (mm)</span>: 134</span></p>\n<p><span class=\"name\" style=\"margin: 0px; padding: 0px; border: 0px; font-weight: bold; color: #1c1d1c; font-family: montserrat; font-size: 13px;\"><span class=\"name\" style=\"margin: 0px; padding: 0px; border: 0px;\">M&eacute;lys&eacute;g (mm)</span><span style=\"background-color: #f5f5f5;\">: 159</span></span></p>\n<p><span class=\"name\" style=\"margin: 0px; padding: 0px; border: 0px; font-weight: bold; color: #1c1d1c; font-family: montserrat; font-size: 13px;\"><span class=\"name\" style=\"margin: 0px; padding: 0px; border: 0px;\">Sz&eacute;less&eacute;g (mm)</span><span style=\"background-color: #f5f5f5;\">: 120</span></span></p>\n<p><span class=\"name\" style=\"margin: 0px; padding: 0px; border: 0px; font-weight: bold; color: #1c1d1c; font-family: montserrat; font-size: 13px;\"><span class=\"name\" style=\"margin: 0px; padding: 0px; border: 0px;\">Zajszint (dB)</span>: 29.5</span></p>\n<p><span class=\"name\" style=\"margin: 0px; padding: 0px; border: 0px; font-weight: bold; color: #1c1d1c; font-family: montserrat; font-size: 13px;\">Processzor foglalat</span><span style=\"color: #1c1d1c; font-family: montserrat; font-size: 13px; background-color: #f5f5f5;\">: AMD AM2, AMD AM2+, AMD AM3, AMD AM3+, AMD AM4, AMD FM1, AMD FM2, AMD FM2+, Intel 1150, Intel 1151, Intel 1155, Intel 1156, Intel 1200, Intel 775</span></p>', '134mm magas léghűtő, melynek maximális zajszintje 29.5 dB.'),
(61, 7, 18, '2023-05-21 08:39:32', 'Cooler Master Hyper H410R RGB (RR-H410-20PC-R1)', 'Fan_Cooler_Master_-_Hyper_H410R_RGB_-_RR-H410-20PC-R1-i477086.png', 'Fan_Cooler_Master_-_Hyper_H410R_RGB_-_RR-H410-20PC-R1-i477097.png', 'cooler-master-hyper-h410r-rgb_2.jpg', 12290, '136;AMD_AM2;AMD_AM2+;AMD_AM3;AMD_AM3+;AMD_AM4;AMD_FM1;AMD_FM2;AMD_FM2+;Intel_1150;Intel_1151;Intel_1155;Intel_1156;Intel_1200;Intel_1366;Intel_2011;Intel_2011-3;Intel_2066', '<p><span class=\"name\" style=\"margin: 0px; padding: 0px; border: 0px; font-weight: bold; color: #1c1d1c; font-family: montserrat; font-size: 13px;\"><span class=\"name\" style=\"box-sizing: border-box; margin: 0px; padding: 0px; border: 0px;\">Hűt&eacute;s t&iacute;pus</span><span style=\"box-sizing: border-box; font-weight: 300; background-color: #f5f5f5;\">: Levegő</span></span></p>\n<p><span class=\"name\" style=\"margin: 0px; padding: 0px; border: 0px; font-weight: bold; color: #1c1d1c; font-family: montserrat; font-size: 13px;\"><span style=\"box-sizing: border-box; font-weight: 300; background-color: #f5f5f5;\"><span class=\"name\" style=\"margin: 0px; padding: 0px; border: 0px; font-weight: bold;\">Magass&aacute;g (mm)</span>: 136</span></span></p>\n<p><span class=\"name\" style=\"margin: 0px; padding: 0px; border: 0px; font-weight: bold; color: #1c1d1c; font-family: montserrat; font-size: 13px;\"><span style=\"box-sizing: border-box; font-weight: 300; background-color: #f5f5f5;\"><span class=\"name\" style=\"margin: 0px; padding: 0px; border: 0px; font-weight: bold;\">M&eacute;lys&eacute;g (mm)</span><span style=\"background-color: #ffffff;\">: 83,4</span></span></span></p>\n<p><span class=\"name\" style=\"margin: 0px; padding: 0px; border: 0px; font-weight: bold; color: #1c1d1c; font-family: montserrat; font-size: 13px;\"><span style=\"box-sizing: border-box; font-weight: 300; background-color: #f5f5f5;\"><span class=\"name\" style=\"margin: 0px; padding: 0px; border: 0px; font-weight: bold;\">Sz&eacute;less&eacute;g (mm)</span><span style=\"background-color: #ffffff;\">: 102</span></span></span></p>\n<p><span class=\"name\" style=\"margin: 0px; padding: 0px; border: 0px; font-weight: bold; color: #1c1d1c; font-family: montserrat; font-size: 13px;\"><span style=\"box-sizing: border-box; font-weight: 300; background-color: #f5f5f5;\"><span class=\"name\" style=\"margin: 0px; padding: 0px; border: 0px; font-weight: bold;\">Zajszint (dB)</span>: 29</span></span></p>\n<p><span class=\"name\" style=\"margin: 0px; padding: 0px; border: 0px; font-weight: bold; color: #1c1d1c; font-family: montserrat; font-size: 13px;\">Processzor foglalat</span><span style=\"color: #1c1d1c; font-family: montserrat; font-size: 13px; background-color: #f5f5f5;\">: AMD AM2, AMD AM2+, AMD AM3, AMD AM3+, AMD AM4, AMD FM1, AMD FM2, AMD FM2+, Intel 1150, Intel 1151, Intel 1155, Intel 1156, Intel 1200, Intel 1366, Intel 2011, Intel 2011-3, Intel 2066</span></p>', '136mm magas léghűtő, melynek maximális zajszintje 29 dB.'),
(62, 7, 4, '2023-05-21 08:40:33', 'ASUS ROG Ryuo III 360 ARGB (90RC00I2-M0UAY0)', 'res_d6fe404e0e9febea3fc08403d7caa878.png', 'res_0ac16c7df43cebe903ae5ec84425169e.png', 'res_a7cdbbbc061279e2721d7e1364826daf.png', 148190, '0;AMD_AM4;AMD_AM5;Intel_1150;Intel_1151;Intel_1155;Intel_1156;Intel_1200;Intel_1700', '<p><span class=\"name\" style=\"box-sizing: border-box; color: #1c1d1c; font-family: montserrat; font-size: 13px; font-weight: bold; margin: 0px; padding: 0px; border: 0px;\">Hűt&eacute;s t&iacute;pus</span><span style=\"box-sizing: border-box; color: #1c1d1c; font-family: montserrat; font-size: 13px; background-color: #f5f5f5;\">: V&iacute;zhűt&eacute;s(AIO)</span></p>\n<p><span style=\"box-sizing: border-box; color: #1c1d1c; font-family: montserrat; font-size: 13px; background-color: #f5f5f5;\"><span class=\"name\" style=\"margin: 0px; padding: 0px; border: 0px; font-weight: bold;\">Borda m&eacute;lys&eacute;g (mm)</span>: 30</span></p>\n<p><span style=\"box-sizing: border-box; color: #1c1d1c; font-family: montserrat; font-size: 13px; background-color: #f5f5f5;\"><span class=\"name\" style=\"margin: 0px; padding: 0px; border: 0px; font-weight: bold;\">Borda sz&eacute;less&eacute;g (mm)</span><span style=\"background-color: #ffffff;\">: 360</span></span></p>\n<p><span style=\"box-sizing: border-box; color: #1c1d1c; font-family: montserrat; font-size: 13px; background-color: #f5f5f5;\"><span class=\"name\" style=\"margin: 0px; padding: 0px; border: 0px; font-weight: bold;\">Ventil&aacute;tor m&eacute;ret (mm)</span>: 120</span></p>\n<p><span style=\"box-sizing: border-box; color: #1c1d1c; font-family: montserrat; font-size: 13px; background-color: #f5f5f5;\"><span class=\"name\" style=\"margin: 0px; padding: 0px; border: 0px; font-weight: bold;\">Ventil&aacute;tor sz&aacute;m</span><span style=\"background-color: #ffffff;\">: 3</span></span></p>\n<p><span style=\"box-sizing: border-box; color: #1c1d1c; font-family: montserrat; font-size: 13px; background-color: #f5f5f5;\"><span class=\"name\" style=\"margin: 0px; padding: 0px; border: 0px; font-weight: bold;\">Zajszint (dB)</span><span style=\"background-color: #ffffff;\">: 36,45</span></span></p>\n<p><span style=\"box-sizing: border-box; color: #1c1d1c; font-family: montserrat; font-size: 13px; background-color: #f5f5f5;\"><span class=\"name\" style=\"margin: 0px; padding: 0px; border: 0px; font-weight: bold;\">Processzor foglalat</span>: AMD AM4, AMD AM5, Intel 1150, Intel 1151, Intel 1155, Intel 1156, Intel 1200, Intel 1700</span></p>', '360mm hosszú bordával ellátott AIO vízhűtő, mely 3 120mm-es ventilátorral rendelkezik és maximális zajszintje 36.45 dB.'),
(63, 7, 17, '2023-05-21 08:41:30', 'Be quiet! Pure Loop 2 FX (BW014)', '1009797609.be-quiet-pure-loop-2-fx-argb-280mm-bw014.jpg', '20220803130252-be_quiet__PURE_LOOP_2_FX_280mm_1023045_03.jpg', '051.jpg', 55890, '0;AMD_AM2;AMD_AM2+;AMD_AM3;AMD_AM3+;AMD_AM4;AMD_AM5;Intel_1150;Intel_1151;Intel_1155;Intel_1156;Intel_1200;Intel_1700;Intel_2011;Intel_2011-1;Intel_2011-3;Intel_2066', '<p><span class=\"name\" style=\"box-sizing: border-box; color: #1c1d1c; font-family: montserrat; font-size: 13px; font-weight: bold; margin: 0px; padding: 0px; border: 0px;\">Hűt&eacute;s t&iacute;pus</span><span style=\"box-sizing: border-box; color: #1c1d1c; font-family: montserrat; font-size: 13px; background-color: #f5f5f5;\">: V&iacute;zhűt&eacute;s(AIO)</span></p>\n<p><span style=\"box-sizing: border-box; color: #1c1d1c; font-family: montserrat; font-size: 13px; background-color: #f5f5f5;\"><span class=\"name\" style=\"box-sizing: border-box; margin: 0px; padding: 0px; border: 0px; font-weight: bold;\">Borda sz&eacute;less&eacute;g (mm)</span><span style=\"box-sizing: border-box; background-color: #ffffff;\">: 280</span></span></p>\n<p><span style=\"box-sizing: border-box; color: #1c1d1c; font-family: montserrat; font-size: 13px; background-color: #f5f5f5;\"><span class=\"name\" style=\"box-sizing: border-box; margin: 0px; padding: 0px; border: 0px; font-weight: bold;\">Ventil&aacute;tor m&eacute;ret (mm)</span>: 140</span></p>\n<p><span style=\"box-sizing: border-box; color: #1c1d1c; font-family: montserrat; font-size: 13px; background-color: #f5f5f5;\"><span class=\"name\" style=\"box-sizing: border-box; margin: 0px; padding: 0px; border: 0px; font-weight: bold;\">Ventil&aacute;tor sz&aacute;m</span><span style=\"box-sizing: border-box; background-color: #ffffff;\">: 2</span></span></p>\n<p><span style=\"box-sizing: border-box; color: #1c1d1c; font-family: montserrat; font-size: 13px; background-color: #f5f5f5;\"><span style=\"box-sizing: border-box; background-color: #ffffff;\"><span class=\"name\" style=\"margin: 0px; padding: 0px; border: 0px; font-weight: bold;\">Processzor foglalat</span><span style=\"background-color: #f5f5f5;\">: AMD AM2, AMD AM2+, AMD AM3, AMD AM3+, AMD AM4, AMD AM5, Intel 1150, Intel 1151, Intel 1155, Intel 1156, Intel 1200, Intel 1700, Intel 2011, Intel 2011-1, Intel 2011-3, Intel 2066</span></span></span></p>', '280mm hossz bordával ellátott AIO vízhűtő, mely 2 140mm-es ventilátorral rendelkezik és maximális zajszintje 35 dB.'),
(64, 8, 1, '2023-05-21 08:37:31', 'Spirit of Gamer Deathmatch 3 RGB', '978164_2.png', '978164_4.png', '978164_6.png', 13490, '270;130;Micro-ATX;Mini-ITX', '<p><span class=\"name\">Alaplap t&iacute;pus</span>: Micro-ATX, Mini-ITX</p>\r\n<p><span class=\"name\">Be&eacute;p&iacute;thető processzor hűtő magass&aacute;g (mm)</span>: 130</p>\r\n<p><span class=\"name\">Be&eacute;p&iacute;thető VGA hossz (mm)</span>: 270</p>\r\n<p><span class=\"name\">Magass&aacute;g (mm)</span>: 353</p>\r\n<p><span class=\"name\">M&eacute;lys&eacute;g (mm)</span>: 358</p>\r\n<p><span class=\"name\">Sz&eacute;less&eacute;g (mm)</span>: 175</p>\r\n<p><span class=\"name\">Sz&iacute;n</span>: Fekete</p>\r\n<p><span class=\"name\">3,5\" hely</span>: 2</p>\r\n<p><span class=\"name\">SSD hely</span>: 1</p>\r\n<p><span class=\"name\">USB 2.0</span>: 2</p>\r\n<p><span class=\"name\">USB 3.0</span>: 1</p>\r\n<p><span class=\"name\">Ventil&aacute;tor sz&aacute;m</span>: 2</p>\r\n<p>&nbsp;</p>', 'Micro-ATX méretű gépház, melybe maximum 270mm hosszú videókártya és 130mm magas léghűtő fér bele. 2.5-ös méretű háttértár méret nincsen benne, mígy 3.5-ösből van 2db.');

-- --------------------------------------------------------

--
-- Tábla szerkezet ehhez a táblához `product_categories`
--

CREATE TABLE `product_categories` (
  `p_cat_id` int(10) NOT NULL,
  `p_cat_title` text CHARACTER SET utf8 COLLATE utf8_general_ci NOT NULL,
  `p_cat_desc` text CHARACTER SET utf8 COLLATE utf8_general_ci NOT NULL
) ENGINE=InnoDB DEFAULT CHARSET=latin1 COLLATE=latin1_swedish_ci;

--
-- A tábla adatainak kiíratása `product_categories`
--

INSERT INTO `product_categories` (`p_cat_id`, `p_cat_title`, `p_cat_desc`) VALUES
(1, ' Alaplap ', 'Röviden leírva, hogy az alaplap miért is felel'),
(2, ' Processzor ', 'Röviden leírva, hogy a processzor miért is felel'),
(3, ' Videókártya ', 'Röviden leírva, hogy a GPU miért is felel'),
(4, ' RAM ', 'Röviden leírva, hogy a RAM miért is felel és micsoda'),
(5, ' HDD ', 'Hard Disk Drive rövidítése, mely nagy mennyiségű adat tárolására szolgál'),
(6, 'Táp', 'Áramforrás a számítógépnek'),
(7, 'Processzor Hűtő', 'processzor hűtésére'),
(8, 'Gépház', 'Az alkatrészek ebben helyezkednek el'),
(9, 'SSD', 'Nagy sebességgel ellátott háttértár típus');

-- --------------------------------------------------------

--
-- Tábla szerkezet ehhez a táblához `slider`
--

CREATE TABLE `slider` (
  `slide_id` int(10) NOT NULL,
  `slide_name` varchar(255) NOT NULL,
  `slide_image` text NOT NULL
) ENGINE=InnoDB DEFAULT CHARSET=latin1 COLLATE=latin1_swedish_ci;

--
-- A tábla adatainak kiíratása `slider`
--

INSERT INTO `slider` (`slide_id`, `slide_name`, `slide_image`) VALUES
(1, 'Slide number 1', 'slide-1.jpg'),
(2, 'Slide number 2', 'slide-2.jpg'),
(3, 'Slide number 3', 'slide-3.jpg'),
(4, 'Slide number 4', 'slide-4.jpg');

--
-- Indexek a kiírt táblákhoz
--

--
-- A tábla indexei `admins`
--
ALTER TABLE `admins`
  ADD PRIMARY KEY (`admin_id`);

--
-- A tábla indexei `cart`
--
ALTER TABLE `cart`
  ADD PRIMARY KEY (`p_id`);

--
-- A tábla indexei `categories`
--
ALTER TABLE `categories`
  ADD PRIMARY KEY (`cat_id`);

--
-- A tábla indexei `customers`
--
ALTER TABLE `customers`
  ADD PRIMARY KEY (`customer_id`);

--
-- A tábla indexei `customer_orders`
--
ALTER TABLE `customer_orders`
  ADD PRIMARY KEY (`order_id`);

--
-- A tábla indexei `payments`
--
ALTER TABLE `payments`
  ADD PRIMARY KEY (`payment_id`);

--
-- A tábla indexei `pending_orders`
--
ALTER TABLE `pending_orders`
  ADD PRIMARY KEY (`order_id`);

--
-- A tábla indexei `products`
--
ALTER TABLE `products`
  ADD PRIMARY KEY (`product_id`);

--
-- A tábla indexei `product_categories`
--
ALTER TABLE `product_categories`
  ADD PRIMARY KEY (`p_cat_id`);

--
-- A tábla indexei `slider`
--
ALTER TABLE `slider`
  ADD PRIMARY KEY (`slide_id`);

--
-- A kiírt táblák AUTO_INCREMENT értéke
--

--
-- AUTO_INCREMENT a táblához `admins`
--
ALTER TABLE `admins`
  MODIFY `admin_id` int(10) NOT NULL AUTO_INCREMENT, AUTO_INCREMENT=3;

--
-- AUTO_INCREMENT a táblához `categories`
--
ALTER TABLE `categories`
  MODIFY `cat_id` int(10) NOT NULL AUTO_INCREMENT, AUTO_INCREMENT=27;

--
-- AUTO_INCREMENT a táblához `customers`
--
ALTER TABLE `customers`
  MODIFY `customer_id` int(10) NOT NULL AUTO_INCREMENT, AUTO_INCREMENT=4;

--
-- AUTO_INCREMENT a táblához `customer_orders`
--
ALTER TABLE `customer_orders`
  MODIFY `order_id` int(10) NOT NULL AUTO_INCREMENT, AUTO_INCREMENT=8;

--
-- AUTO_INCREMENT a táblához `payments`
--
ALTER TABLE `payments`
  MODIFY `payment_id` int(10) NOT NULL AUTO_INCREMENT;

--
-- AUTO_INCREMENT a táblához `pending_orders`
--
ALTER TABLE `pending_orders`
  MODIFY `order_id` int(10) NOT NULL AUTO_INCREMENT, AUTO_INCREMENT=8;

--
-- AUTO_INCREMENT a táblához `products`
--
ALTER TABLE `products`
  MODIFY `product_id` int(10) NOT NULL AUTO_INCREMENT, AUTO_INCREMENT=65;

--
-- AUTO_INCREMENT a táblához `product_categories`
--
ALTER TABLE `product_categories`
  MODIFY `p_cat_id` int(10) NOT NULL AUTO_INCREMENT, AUTO_INCREMENT=11;

--
-- AUTO_INCREMENT a táblához `slider`
--
ALTER TABLE `slider`
  MODIFY `slide_id` int(10) NOT NULL AUTO_INCREMENT, AUTO_INCREMENT=5;
COMMIT;

/*!40101 SET CHARACTER_SET_CLIENT=@OLD_CHARACTER_SET_CLIENT */;
/*!40101 SET CHARACTER_SET_RESULTS=@OLD_CHARACTER_SET_RESULTS */;
/*!40101 SET COLLATION_CONNECTION=@OLD_COLLATION_CONNECTION */;
